sample_id,time,N,13CO2,12CO2,signal_length,mod_mean,mod_std,mod_max,phase_sin_mean,phase_cos_mean,phase_wrap_jumps,modulus_identity_relative_mae,phase_xy_circular_mae_radians,P_med,P_cons,F_med,F_cons,Temp
12:46:00/scan-000,12:46:00,0,0.0,0.0,200000,0.0011507582556942602,0.0003206333199167728,0.0021685567491118037,-0.09983469906517736,-0.819249902537386,66,1.185636275449899e-06,0.002783045674143849,0.9000408274360371,0.8999727817093087,111.0,1000.0,30.3
12:46:00/scan-001,12:46:00,1,0.0,0.0,200000,0.0010753412595857132,0.0002952803587464959,0.00204029926854571,-0.10609437338777833,-0.8722685542129961,126,3.2236240410280307e-06,0.006121108852075593,0.8999727817093087,0.8999727817093087,110.0,1000.0,30.3
12:46:00/scan-002,12:46:00,2,0.0,0.0,200000,0.0010395189383581296,0.0002917836888208,0.0019286408909896992,-0.12007290646659849,-0.8836878096356989,141,2.279470686936638e-06,0.006131063946094796,0.9000408274360371,0.8999727817093087,110.0,1000.0,30.3
12:46:00/scan-003,12:46:00,3,0.0,0.0,200000,0.0010706779134720106,0.000297969712621787,0.0018231352976454205,-0.11927202257390776,-0.8770535088141542,127,1.3205281127151516e-06,0.005345908589033107,0.8999727817093087,0.8999727817093087,111.0,1000.0,30.3
12:46:00/scan-004,12:46:00,4,0.0,0.0,200000,0.0010690021100975627,0.0002941694892986257,0.001905264595603212,-0.1236962878233184,-0.8750895273153868,123,1.4934171731497488e-06,0.005616875612160188,0.8999727817093087,0.8999727817093087,110.0,1000.0,30.3
12:46:00/scan-005,12:46:00,5,0.0,0.0,200000,0.0010486441796964982,0.0002994672121880708,0.0019122232813961156,-0.11427902352590606,-0.8812435743761168,101,1.6223809378431805e-06,0.0061432572529247186,0.9000408274360371,0.8999727817093087,110.0,1000.0,30.3
12:46:00/scan-006,12:46:00,6,0.0,0.0,200000,0.0010504154375687398,0.00030743411671819006,0.0019717010038156203,-0.13795455497723025,-0.87482334502702,91,3.59997116183492e-06,0.004205142109122515,0.8999727817093087,0.8999727817093087,110.0,1000.0,30.3
12:46:00/scan-007,12:46:00,7,0.0,0.0,200000,0.0010473317674652778,0.000318899582084252,0.0020491936317562983,-0.1087524195834768,-0.8796318654519517,134,4.256182003169171e-06,0.006216420355221903,0.9000408274360371,0.8999727817093087,110.0,1000.0,30.3
12:46:00/scan-008,12:46:00,8,0.0,0.0,200000,0.0010802376051875346,0.00031914608830398925,0.0020976282269274203,-0.11959307916272686,-0.8761322327730585,122,2.7981620796467464e-06,0.005642609268517706,0.9000408274360371,0.8999727817093087,110.0,1000.0,30.3
12:46:00/scan-009,12:46:00,9,0.0,0.0,200000,0.0010713652023227676,0.00030513543979013226,0.0020673586613018484,-0.1283400388684466,-0.8904670913550721,149,1.331259429655262e-06,0.0062495436187376685,0.8999727817093087,0.8999727817093087,110.0,1000.0,30.4
12:46:00/scan-010,12:46:00,10,0.0,0.0,200000,0.0010634205737415142,0.0003095268172972337,0.001934099250208939,-0.13245786142372634,-0.8825753865539588,141,5.316711050633787e-06,0.006288916991560987,0.8999727817093087,0.8999727817093087,110.0,1000.0,30.3
12:46:00/scan-011,12:46:00,11,0.0,0.0,200000,0.0010439275894856576,0.00028234729362128214,0.0020274645397300793,-0.1140376980495795,-0.8815219955889194,171,2.928903301788512e-06,0.007800954801315935,0.8999727817093087,0.8999727817093087,110.0,1000.0,30.4
12:46:00/scan-012,12:46:00,12,0.0,0.0,200000,0.0010360010005601376,0.0003127120244817363,0.002142096228220544,-0.13225006206901654,-0.8831285644555951,162,2.8360075662204286e-06,0.007526997348974046,0.9000408274360371,0.8999727817093087,110.0,1000.0,30.4
12:46:00/scan-013,12:46:00,13,0.0,0.0,200000,0.0010768535922186444,0.0003049249241520262,0.0020087518687740427,-0.11968176865252593,-0.8806026927497626,148,3.3627299425295307e-06,0.006562758161229504,0.9000408274360371,0.8999727817093087,110.0,1000.0,30.4
12:46:00/scan-014,12:46:00,14,0.0,0.0,200000,0.0010435606301448103,0.0003137484986938962,0.002073323468698086,-0.13642494486916731,-0.8745388667385874,109,2.6058992044884072e-06,0.005136436998787301,0.9000408274360371,0.8999727817093087,110.0,1000.0,30.4
12:46:00/scan-015,12:46:00,15,0.0,0.0,200000,0.0010848881191664332,0.00029323373096862873,0.0021305976538823993,-0.1455473247372234,-0.8764342285277676,128,2.1729665344943718e-06,0.006500159138075574,0.9000408274360371,0.8999727817093087,109.0,1000.0,30.4
12:46:00/scan-016,12:46:00,16,0.0,0.0,200000,0.0010497007960281717,0.0003036789701269478,0.0019504838865784903,-0.1149157780838052,-0.8873984330918582,108,1.4454968878585e-06,0.0062741859697525056,0.9000408274360371,0.8999727817093087,109.0,1000.0,30.4
12:46:00/scan-017,12:46:00,17,0.0,0.0,200000,0.0010758428749589272,0.00032073822878903784,0.002049147408024441,-0.13923677067298657,-0.8546788870774451,98,1.480243911057298e-06,0.004148657870809072,0.9000408274360371,0.8999727817093087,109.0,1000.0,30.4
12:46:00/scan-018,12:46:00,18,0.0,0.0,200000,0.0010639570938226436,0.00029826404277429833,0.0019396393133479656,-0.1505319054558848,-0.8618809512672125,103,2.099566896128163e-06,0.004590307249826865,0.8999727817093087,0.8999727817093087,109.0,1000.0,30.4
12:46:00/scan-019,12:46:00,19,0.0,0.0,200000,0.0010788855204561388,0.00029698001168756023,0.0019990545895810286,-0.14648336226686154,-0.869965396520116,95,2.4813561177050847e-06,0.0048929898416348655,0.9000408274360371,0.8999727817093087,109.0,1000.0,30.4
12:55:42/scan-000,12:55:42,0,0.412372,36.870962,200000,0.0010413829876117855,0.00030994287547753363,0.001933058961991871,-0.10941805234587679,-0.8720049580790786,108,3.9627202624607675e-06,0.006409377094704835,0.8999047359825803,0.8999727817093087,111.0,1000.0,30.4
12:55:42/scan-001,12:55:42,1,0.412372,36.870962,200000,0.0010724525492199965,0.0003139452440939304,0.002118093860581113,-0.11497218229730809,-0.8646102005666763,101,3.2084079016898366e-06,0.005026965988299171,0.9000408274360371,0.8999727817093087,111.0,1000.0,30.4
12:55:42/scan-002,12:55:42,2,0.412372,36.870962,200000,0.0011544832794237528,0.00036673614725235776,0.002407881224858314,-0.1508099344184484,-0.8105247463159868,95,3.2007970121785356e-06,0.00436886643430761,0.8999727817093087,0.8999727817093087,111.0,1000.0,30.4
12:55:42/scan-003,12:55:42,3,0.412372,36.870962,200000,0.0011341647117290492,0.00038232285544952495,0.002573652840754118,-0.10777248887639257,-0.8111088456241756,90,1.693432924074524e-06,0.004326834606304095,0.9000408274360371,0.8999727817093087,111.0,1000.0,30.4
12:55:42/scan-004,12:55:42,4,0.412372,36.870962,200000,0.001114005741857543,0.0003670081743905244,0.00239426784076001,-0.14481515501073394,-0.8238293274479621,91,1.7947811003160005e-06,0.004667360038627853,0.8999727817093087,0.8999727817093087,111.0,1000.0,30.4
12:55:42/scan-005,12:55:42,5,0.412372,36.870962,200000,0.0011382032068040274,0.0003741502983931387,0.0025068858687176407,-0.13100046346633656,-0.8107056140472225,96,1.3490360899881174e-06,0.005194569844295103,0.8999727817093087,0.8999727817093087,110.0,1000.0,30.4
12:55:42/scan-006,12:55:42,6,0.412372,36.870962,200000,0.0011633239000216657,0.0003423887637259677,0.0025470428553864134,-0.1482044563204414,-0.8197280702867644,91,1.1559915087382791e-06,0.004345915505609034,0.9000408274360371,0.8999727817093087,110.0,1000.0,30.4
12:55:42/scan-007,12:55:42,7,0.412372,36.870962,200000,0.0011589641601257748,0.00036029507135918197,0.0024345716648447036,-0.11484708485297182,-0.8256510911760927,133,1.237899948392971e-06,0.005575864740939463,0.8999727817093087,0.8999727817093087,111.0,1000.0,30.4
12:55:42/scan-008,12:55:42,8,0.412372,36.870962,200000,0.0011457404473587392,0.0003603549583091171,0.002468356939185892,-0.12080436364033786,-0.8130658826004501,113,1.3910103286951456e-06,0.00618155864158037,0.9000408274360371,0.8999727817093087,110.0,1000.0,30.4
12:55:42/scan-009,12:55:42,9,0.412372,36.870962,200000,0.001132153853970272,0.0003550793990008958,0.0023879133385050783,-0.12298464876264453,-0.8251183106671273,107,1.6344135804464189e-06,0.00470977096703259,0.9000408274360371,0.8999727817093087,110.0,1000.0,30.3
12:55:42/scan-010,12:55:42,10,0.412372,36.870962,200000,0.0011255434045352446,0.00036642803532411177,0.0024719696302828754,-0.13564331367866383,-0.7931013472915037,110,1.3880985670462964e-06,0.0052757499702073005,0.9000408274360371,0.8999727817093087,110.0,1000.0,30.3
12:55:42/scan-011,12:55:42,11,0.412372,36.870962,200000,0.0011371455528705007,0.00033715213738603475,0.0022731625487127723,-0.13981399234519934,-0.8262260773734329,153,1.2672623695577493e-06,0.006081601856895027,0.9000408274360371,0.8999727817093087,110.0,1000.0,30.3
12:55:42/scan-012,12:55:42,12,0.412372,36.870962,200000,0.0011321724493900745,0.0003526554766030869,0.002343398463168124,-0.12517449611433004,-0.8117584730590319,90,1.4091504845254327e-06,0.004092579357710386,0.8999727817093087,0.8999727817093087,110.0,1000.0,30.3
12:55:42/scan-013,12:55:42,13,0.412372,36.870962,200000,0.0011238145550166929,0.00037448050200120987,0.00249194431220315,-0.14777945454826305,-0.822127366607378,147,1.2776637951959546e-06,0.005582992788601741,0.9000408274360371,0.8999727817093087,110.0,1000.0,30.3
12:55:42/scan-014,12:55:42,14,0.412372,36.870962,200000,0.0011455850381177596,0.0003460365329336706,0.002328350063554024,-0.11972457508038442,-0.8205104253856651,100,1.4007096145251561e-06,0.005601312794518672,0.8999727817093087,0.8999727817093087,110.0,1000.0,30.3
12:55:42/scan-015,12:55:42,15,0.412372,36.870962,200000,0.001129639790176707,0.00035568868912582287,0.00234752416475813,-0.11819804806295542,-0.802120503291357,110,2.705241251538845e-06,0.00515354640437803,0.8999727817093087,0.8999727817093087,110.0,1000.0,30.3
12:55:42/scan-016,12:55:42,16,0.412372,36.870962,200000,0.0011233347100115735,0.0003595838383501013,0.002401467332367129,-0.11081920130790994,-0.8225106838913163,123,1.3007406674851662e-06,0.0048074316613113425,0.8999727817093087,0.8999727817093087,110.0,1000.0,30.3
12:55:42/scan-017,12:55:42,17,0.412372,36.870962,200000,0.0011326755989332507,0.0003537848552229428,0.0023317110852103303,-0.1353353563384973,-0.8140799002271745,112,1.7849195754646321e-06,0.005668348292163614,0.8999727817093087,0.8999727817093087,110.0,1000.0,30.3
12:55:42/scan-018,12:55:42,18,0.412372,36.870962,200000,0.001126505710281238,0.00038112884048351205,0.0023531883119537306,-0.1258840624063599,-0.8134700472406944,127,1.4048442007082105e-06,0.006338100065093414,0.9000408274360371,0.8999727817093087,110.0,1000.0,30.3
12:55:42/scan-019,12:55:42,19,0.412372,36.870962,200000,0.001140182944069729,0.0003530075553879574,0.002407241544798771,-0.1521120104994906,-0.8117263800161472,110,1.7671672785704683e-06,0.005039258273753077,0.8999727817093087,0.8999727817093087,110.0,1000.0,30.3
13:05:15/scan-000,13:05:15,0,0.824743,73.741923,200000,0.001161124629714683,0.0003366084656118165,0.0023072705967889097,-0.11325945851256822,-0.8190149058773828,97,1.24921646739417e-06,0.004789534678855427,0.8999727817093087,0.8999727817093087,111.0,1000.0,30.3
13:05:15/scan-001,13:05:15,1,0.824743,73.741923,200000,0.0011287311990039479,0.00032989607217408093,0.002192735796854118,-0.13646314330831236,-0.8015804505399898,69,1.9349448877058882e-06,0.0038902125534384597,0.9000408274360371,0.8999727817093087,111.0,1000.0,30.3
13:05:15/scan-002,13:05:15,2,0.824743,73.741923,200000,0.0012251419363915159,0.0004293935583119978,0.003037520700346099,-0.14301886653456514,-0.745586382786945,86,1.1851077793625138e-06,0.004086254346444183,0.8999727817093087,0.8999727817093087,111.0,1000.0,30.3
13:05:15/scan-003,13:05:15,3,0.824743,73.741923,200000,0.001257149923170229,0.00046883245300155226,0.0030977721338616765,-0.15463850502697118,-0.7392790844766532,63,1.0773139560269446e-06,0.003582646893297377,0.8999727817093087,0.8999727817093087,111.0,1000.0,30.3
13:05:15/scan-004,13:05:15,4,0.824743,73.741923,200000,0.0012785865877765767,0.00042560662789656057,0.0029479024664275716,-0.14219500390783185,-0.7356424108368339,74,1.3832207402548083e-06,0.002991783743320627,0.9000408274360371,0.8999727817093087,111.0,1000.0,30.3
13:05:15/scan-005,13:05:15,5,0.824743,73.741923,200000,0.001278184662096211,0.00045677401612419737,0.003030783854352717,-0.14072016029965917,-0.743601981124197,68,9.772392709390403e-07,0.0035602186493362336,0.9000408274360371,0.8999727817093087,110.0,1000.0,30.3
13:05:15/scan-006,13:05:15,6,0.824743,73.741923,200000,0.0012758539445473468,0.0004730585452323107,0.0031358463976081845,-0.14797176890367966,-0.739384263364062,79,9.86825037190519e-07,0.0029420908717341866,0.9000408274360371,0.8999727817093087,111.0,1000.0,30.3
13:05:15/scan-007,13:05:15,7,0.824743,73.741923,200000,0.0013077197217660564,0.0004540794300102905,0.003213254362023769,-0.14293650334063526,-0.73560019134248,56,1.0891095667914168e-06,0.0022393056192799112,0.9000408274360371,0.8999727817093087,110.0,1000.0,30.3
13:05:15/scan-008,13:05:15,8,0.824743,73.741923,200000,0.0012727568148750911,0.0004763530195652317,0.0031979301515392047,-0.12566777984231567,-0.7381353692006678,91,1.5926984787229502e-06,0.004464270922300451,0.8999727817093087,0.8999727817093087,110.0,1000.0,30.3
13:05:15/scan-009,13:05:15,9,0.824743,73.741923,200000,0.0012811510658405042,0.00046611546642753523,0.0031101055726193735,-0.13349815655346078,-0.729568172636768,51,1.5299959423922555e-06,0.0033775657761030164,0.9000408274360371,0.8999727817093087,110.0,1000.0,30.3
13:05:15/scan-010,13:05:15,10,0.824743,73.741923,200000,0.0012932950901403334,0.0004931276630617056,0.0032800107422516593,-0.1418875394964158,-0.7365810149166431,86,1.4685997114792651e-06,0.004835038183074628,0.8999727817093087,0.8999727817093087,110.0,1000.0,30.3
13:05:15/scan-011,13:05:15,11,0.824743,73.741923,200000,0.001331276008720798,0.0005034442669021348,0.003115016554792455,-0.16918477830388542,-0.7224306311834181,75,9.802918314584795e-07,0.0029337302397047147,0.8999727817093087,0.8999727817093087,110.0,1000.0,30.3
13:05:15/scan-012,13:05:15,12,0.824743,73.741923,200000,0.001310086362502079,0.00048540979018785933,0.0031072354327678895,-0.13782085184207404,-0.742528110175937,61,1.1850375014434055e-06,0.0032325169852796772,0.8999727817093087,0.8999727817093087,110.0,1000.0,30.3
13:05:15/scan-013,13:05:15,13,0.824743,73.741923,200000,0.0013197945845372363,0.00048271796442649246,0.0031113929755862153,-0.15755812610190764,-0.7264445860196589,67,1.1939225401022101e-06,0.0029615409909914455,0.9000408274360371,0.8999727817093087,110.0,1000.0,30.3
13:05:15/scan-014,13:05:15,14,0.824743,73.741923,200000,0.0013174379116522499,0.00048792237074949264,0.0032033729275058546,-0.15175791788632248,-0.7408216272086656,63,1.82587355082488e-06,0.0036591432371183134,0.9000408274360371,0.8999727817093087,110.0,1000.0,30.3
13:05:15/scan-015,13:05:15,15,0.824743,73.741923,200000,0.0013324423314261696,0.00047829602317514666,0.003255533978062285,-0.16030485559384167,-0.7260131418687036,57,1.0026185552341868e-06,0.00262473244705578,0.8999727817093087,0.8999727817093087,110.0,1000.0,30.3
13:05:15/scan-016,13:05:15,16,0.824743,73.741923,200000,0.0013180114105980527,0.0004646307479751789,0.0031342734712364213,-0.1428997446070978,-0.728190791693567,46,1.3430336321276831e-06,0.0022727371111653503,0.9000408274360371,0.8999727817093087,110.0,1000.0,30.3
13:05:15/scan-017,13:05:15,17,0.824743,73.741923,200000,0.001320935420043646,0.00044832600539096255,0.003017200126594423,-0.15803177015785042,-0.7301478573605971,50,1.1558928812103318e-06,0.0022920469139348716,0.8999727817093087,0.8999727817093087,110.0,1000.0,30.3
13:05:15/scan-018,13:05:15,18,0.824743,73.741923,200000,0.0013076824736138737,0.00044516774714840586,0.002937506265705427,-0.153904746051535,-0.7288205490727274,57,2.217196584047681e-06,0.0027565004904238706,0.9000408274360371,0.8999727817093087,110.0,1000.0,30.3
13:05:15/scan-019,13:05:15,19,0.824743,73.741923,200000,0.0012772379254332202,0.00045225246168414474,0.0029949642115754543,-0.153539869595443,-0.7170047588864539,50,1.1068605187055531e-06,0.0025064595435957382,0.8999727817093087,0.8999727817093087,110.0,1000.0,30.3
13:14:37/scan-000,13:14:37,0,1.237115,110.612885,200000,0.001309715151910969,0.00046717794165773626,0.0030735269018783724,-0.1438147266669606,-0.7213558328293884,49,1.0644168641294494e-06,0.0018624561622571313,0.8999727817093087,0.8999727817093087,110.0,1000.0,30.3
13:14:37/scan-001,13:14:37,1,1.237115,110.612885,200000,0.0013103718001102435,0.0004703592723259398,0.0031441712454205193,-0.14932893118598298,-0.7418807885641917,52,1.0155052820947973e-06,0.0026003422658214537,0.8999727817093087,0.8999727817093087,110.0,1000.0,30.3
13:14:37/scan-002,13:14:37,2,1.237115,110.612885,200000,0.0014067957137338784,0.0005924541044131813,0.0036658565209693583,-0.16128185769603298,-0.6673010049915785,61,1.517796172014473e-06,0.0028002035310598166,0.8999727817093087,0.8999727817093087,110.0,1000.0,30.3
13:14:37/scan-003,13:14:37,3,1.237115,110.612885,200000,0.0014437641636285982,0.0005990473826934648,0.0037533536607765507,-0.16624324156614287,-0.6671121001800193,60,1.8686156215593403e-06,0.003127164469025364,0.8999727817093087,0.8999727817093087,110.0,1000.0,30.3
13:14:37/scan-004,13:14:37,4,1.237115,110.612885,200000,0.001411460456868983,0.0006125890561770451,0.0036781398427114414,-0.16696679502227005,-0.6552995339911767,39,9.81049124974997e-07,0.002311712037834551,0.9000408274360371,0.8999727817093087,110.0,1000.0,30.3
13:14:37/scan-005,13:14:37,5,1.237115,110.612885,200000,0.001443730696299329,0.000635210321891821,0.0039147131991249555,-0.18170077471751236,-0.6654286013562488,59,8.605038623302993e-07,0.002523234147923103,0.8999727817093087,0.8999727817093087,110.0,1000.0,30.3
13:14:37/scan-006,13:14:37,6,1.237115,110.612885,200000,0.0014576033662280974,0.0006460564268235946,0.003960259805543136,-0.17066347970842471,-0.6730889435473221,43,1.1221572298036668e-06,0.002367627553539904,0.8999727817093087,0.8999727817093087,110.0,1000.0,30.3
13:14:37/scan-007,13:14:37,7,1.237115,110.612885,200000,0.001484372148006648,0.0006393337146446033,0.004018675869745745,-0.17486455024729874,-0.6673375848701631,65,7.621070231219863e-07,0.00291022024889947,0.9000408274360371,0.8999727817093087,110.0,1000.0,30.3
13:14:37/scan-008,13:14:37,8,1.237115,110.612885,200000,0.0014785280081463213,0.000626619228722878,0.003929227236540193,-0.1974254114414594,-0.6628669486106955,35,9.060568303860458e-07,0.002290195826451238,0.8999727817093087,0.8999727817093087,110.0,1000.0,30.3
13:14:37/scan-009,13:14:37,9,1.237115,110.612885,200000,0.0014603737000487022,0.0006460069626310512,0.003909421490660695,-0.17402531746078473,-0.6618949338064224,41,1.1848195578587654e-06,0.002298906217960629,0.9000408274360371,0.8999727817093087,110.0,1000.0,30.3
13:14:37/scan-010,13:14:37,10,1.237115,110.612885,200000,0.0014801400618921128,0.0006243201422019851,0.0038900547246295625,-0.1780337560798947,-0.6649026660618779,34,1.1857067306550353e-06,0.0014917271031444621,0.9000408274360371,0.8999727817093087,110.0,1000.0,30.3
13:14:37/scan-011,13:14:37,11,1.237115,110.612885,200000,0.0014999503878227122,0.0006679808489474118,0.004111245835935738,-0.17203139469075043,-0.6522031617167652,46,8.743564744243362e-07,0.0021904626629607464,0.8999727817093087,0.8999727817093087,109.0,1000.0,30.3
13:14:37/scan-012,13:14:37,12,1.237115,110.612885,200000,0.0014604390883588105,0.0006164326751500504,0.003785339245486921,-0.17164746277936874,-0.6486609936655249,41,1.0739168055073216e-06,0.002112856851480457,0.9000408274360371,0.8999727817093087,109.0,1000.0,30.3
13:14:37/scan-013,13:14:37,13,1.237115,110.612885,200000,0.0015037389443651222,0.000626081747066784,0.0038897931413541553,-0.1828411126743481,-0.6554956597298404,61,1.1158750420849026e-06,0.002394691193475487,0.9000408274360371,0.8999727817093087,109.0,1000.0,30.3
13:14:37/scan-014,13:14:37,14,1.237115,110.612885,200000,0.0014789593547298206,0.0006302268458804816,0.004137895510389444,-0.21097092225180447,-0.6457267880458769,48,1.3227987046680774e-06,0.002275992677985591,0.8999727817093087,0.8999727817093087,110.0,1000.0,30.3
13:14:37/scan-015,13:14:37,15,1.237115,110.612885,200000,0.0014906601835743792,0.0006561923596903404,0.004079408715821853,-0.1783392761104062,-0.6391476815212355,51,9.801573745369968e-07,0.0030164977503407066,0.8999727817093087,0.8999727817093087,110.0,1000.0,30.3
13:14:37/scan-016,13:14:37,16,1.237115,110.612885,200000,0.0014817646464981681,0.0006479504760609316,0.004037598209298581,-0.17576688509475916,-0.6441493977897449,26,1.2941957517816964e-06,0.001187752633264683,0.8999727817093087,0.8999727817093087,110.0,1000.0,30.3
13:14:37/scan-017,13:14:37,17,1.237115,110.612885,200000,0.0014699840589476292,0.0006042669371958986,0.003805946558252694,-0.18613051164445815,-0.6539411381276237,15,8.624207841789801e-07,0.000983907968844584,0.8999727817093087,0.8999727817093087,110.0,1000.0,30.3
13:14:37/scan-018,13:14:37,18,1.237115,110.612885,200000,0.0015078691773956427,0.0006230624123325528,0.0038325529872794716,-0.1833069544476471,-0.6571278967869043,37,8.421644604525819e-07,0.001744542209713157,0.8999727817093087,0.8999727817093087,110.0,1000.0,30.3
13:14:37/scan-019,13:14:37,19,1.237115,110.612885,200000,0.0014673075623095016,0.0006262264686346821,0.0040524490397926645,-0.17959701822774016,-0.6553549686101969,43,8.759081275329614e-07,0.0016035577238553906,0.9000408274360371,0.8999727817093087,110.0,1000.0,30.3
13:24:02/scan-000,13:24:02,0,1.649487,147.483847,200000,0.0014831229089614572,0.0006401672725717382,0.003932200994640602,-0.17227451157318233,-0.6565258328949243,45,1.0175404783668429e-06,0.0015807193029849528,0.8999727817093087,0.8999727817093087,110.0,1000.0,30.3
13:24:02/scan-001,13:24:02,1,1.649487,147.483847,200000,0.0014731973159237467,0.0006377189109653921,0.003887540742016547,-0.1873396796152326,-0.659001691633591,39,1.1097361641411644e-06,0.0017594118017848828,0.8999727817093087,0.8999727817093087,110.0,1000.0,30.3
13:24:02/scan-002,13:24:02,2,1.649487,147.483847,200000,0.0016002575963657143,0.0007725909536342177,0.004471192835806763,-0.19553792142083512,-0.607784040709915,39,1.9858791670238955e-06,0.0019603406305244665,0.9000408274360371,0.8999727817093087,110.0,1000.0,30.3
13:24:02/scan-003,13:24:02,3,1.649487,147.483847,200000,0.0016409782093027756,0.0008122662732162015,0.004649820837873371,-0.20614689129052963,-0.603758077697185,39,7.340235735392134e-07,0.0016936148614764292,0.9000408274360371,0.8999727817093087,109.0,1000.0,30.3
13:24:02/scan-004,13:24:02,4,1.649487,147.483847,200000,0.001673963465632126,0.0008162174891367304,0.004891309814337254,-0.21661983349214167,-0.5939005566771581,15,9.151232760978934e-07,0.0007532507701164381,0.9000408274360371,0.8999727817093087,109.0,1000.0,30.3
13:24:02/scan-005,13:24:02,5,1.649487,147.483847,200000,0.0016780227994851163,0.0008381530636835256,0.004813911427891474,-0.19913310863539707,-0.5987047296347042,38,8.139966956793739e-07,0.001351098726629639,0.8999727817093087,0.8999727817093087,109.0,1000.0,30.3
13:24:02/scan-006,13:24:02,6,1.649487,147.483847,200000,0.0016692673271329638,0.0008350828613730104,0.005008160735927058,-0.20843056806959076,-0.6137837902305322,32,1.6059314889492976e-06,0.0012037726689339378,0.8999727817093087,0.8999727817093087,110.0,1000.0,30.3
13:24:02/scan-007,13:24:02,7,1.649487,147.483847,200000,0.0016901182273123651,0.0008164544614524715,0.004886069676519397,-0.19622745532255104,-0.601894749615151,35,9.431088262125572e-07,0.0012729471071882515,0.8999727817093087,0.8999727817093087,110.0,1000.0,30.3
13:24:02/scan-008,13:24:02,8,1.649487,147.483847,200000,0.0016838308599699476,0.0008127765294630505,0.005009011866554813,-0.20000153157414424,-0.594510996082426,38,8.00710940487932e-07,0.001441295635034386,0.8999727817093087,0.8999727817093087,110.0,1000.0,30.3
13:24:02/scan-009,13:24:02,9,1.649487,147.483847,200000,0.0016451722112144967,0.0008468803247931747,0.004925606860539551,-0.20791812692193015,-0.5978980404735336,26,6.595275105621749e-07,0.0013476186971715552,0.9000408274360371,0.8999727817093087,109.0,1000.0,30.3
13:24:02/scan-010,13:24:02,10,1.649487,147.483847,200000,0.0016789712801740587,0.000831752863486893,0.0047215512607920685,-0.20532296949478662,-0.5846926033555014,31,6.902214077822299e-07,0.0017120160008304642,0.8999727817093087,0.8999727817093087,109.0,1000.0,30.3
13:24:02/scan-011,13:24:02,11,1.649487,147.483847,200000,0.001672346489561985,0.0008402740564806163,0.004882353534844379,-0.19509977538056242,-0.612883154931749,42,8.440016193793813e-07,0.002151035955734943,0.8999727817093087,0.8999727817093087,110.0,1000.0,30.3
13:24:02/scan-012,13:24:02,12,1.649487,147.483847,200000,0.001674238087078141,0.0008326798360703671,0.004890978566601528,-0.202625886613248,-0.5745826521501213,43,1.4920356780299258e-06,0.0019516209872306456,0.8999727817093087,0.8999727817093087,109.0,1000.0,30.3
13:24:02/scan-013,13:24:02,13,1.649487,147.483847,200000,0.0016959134644835712,0.0008436535598278122,0.004781101090193331,-0.20459102152066913,-0.6033672311217368,30,1.411412689381277e-06,0.0016275335952470442,0.8999727817093087,0.8999727817093087,110.0,1000.0,30.3
13:24:02/scan-014,13:24:02,14,1.649487,147.483847,200000,0.0016700272678460426,0.0008400816135514821,0.004962789387383679,-0.2115702525660921,-0.5912137180669395,47,1.0076021940710758e-06,0.0022037420854437166,0.9000408274360371,0.8999727817093087,110.0,1000.0,30.3
13:24:02/scan-015,13:24:02,15,1.649487,147.483847,200000,0.0016959677611819,0.0008344817962921327,0.004803265920157708,-0.2069195456220059,-0.5951718118707326,26,8.154188735026394e-07,0.0015652235301597233,0.8999727817093087,0.8999727817093087,110.0,1000.0,30.3
13:24:02/scan-016,13:24:02,16,1.649487,147.483847,200000,0.001653721535278554,0.0008323810816760049,0.004850218453370534,-0.21666639976382732,-0.5937675690589885,35,8.859796667516002e-07,0.001501146771424882,0.8999727817093087,0.8999727817093087,111.0,1000.0,30.3
13:24:02/scan-017,13:24:02,17,1.649487,147.483847,200000,0.001657305787449635,0.0008010533611827447,0.0046243650808887055,-0.19692616619959352,-0.5807344379110173,40,2.549180622643398e-06,0.0017368548067661427,0.8999727817093087,0.8999727817093087,110.0,1000.0,30.3
13:24:02/scan-018,13:24:02,18,1.649487,147.483847,200000,0.001652900760949791,0.0008073045490198776,0.004669104033929706,-0.2007374319752326,-0.592598639119386,32,7.588313408802577e-07,0.001513184460095431,0.9000408274360371,0.8999727817093087,110.0,1000.0,30.3
13:24:02/scan-019,13:24:02,19,1.649487,147.483847,200000,0.0016343543129736344,0.0008332168169212848,0.004969911013666636,-0.20690956589104165,-0.5929381977681799,27,8.919875513894307e-07,0.0011926381383194737,0.9000408274360371,0.8999727817093087,110.0,1000.0,30.3
13:33:30/scan-000,13:33:30,0,2.061858,184.354808,200000,0.0016784123212960566,0.0008112402096526435,0.0048054377404740285,-0.21513358650554473,-0.5958868442878519,31,1.2791713766666332e-06,0.0012666366838687323,0.9000408274360371,0.8999727817093087,110.0,1000.0,30.3
13:33:30/scan-001,13:33:30,1,2.061858,184.354808,200000,0.0017063383935495625,0.0008151136831333404,0.004832844536568235,-0.22392213333084088,-0.5867395218526577,39,8.739332987720791e-07,0.002032699530705593,0.8999727817093087,0.8999727817093087,110.0,1000.0,30.3
13:33:30/scan-002,13:33:30,2,2.061858,184.354808,200000,0.0018073451746012529,0.0009384813291295106,0.005427174718338164,-0.212389762674965,-0.5717382711621097,25,8.818337914132689e-07,0.001593433442350233,0.9000408274360371,0.8999727817093087,110.0,1000.0,30.3
13:33:30/scan-003,13:33:30,3,2.061858,184.354808,200000,0.001882050433274511,0.0009954061284460167,0.005650217487876218,-0.20753892929842124,-0.5471667361308025,30,7.838015975285701e-07,0.0009983848914539195,0.8999727817093087,0.8999727817093087,110.0,1000.0,30.3
13:33:30/scan-004,13:33:30,4,2.061858,184.354808,200000,0.0018521760855264348,0.0009843787896417007,0.005432886664133673,-0.22692982502503706,-0.5373950207630243,35,8.191853240812228e-07,0.0014634870140185206,0.8999727817093087,0.8999727817093087,110.0,1000.0,30.3
13:33:30/scan-005,13:33:30,5,2.061858,184.354808,200000,0.0018697232440820903,0.0010112525384826617,0.005545514781480455,-0.22848528596677264,-0.5496607423785513,29,1.0749663375184892e-06,0.0010246549288217182,0.9000408274360371,0.8999727817093087,110.0,1000.0,30.3
13:33:30/scan-006,13:33:30,6,2.061858,184.354808,200000,0.001888993566551963,0.0009803918216008153,0.0054782176084843225,-0.21167657198208445,-0.5517133938835669,27,7.425847524823684e-07,0.0014936995433281772,0.8999727817093087,0.8999727817093087,110.0,1000.0,30.3
13:33:30/scan-007,13:33:30,7,2.061858,184.354808,200000,0.001876195409493105,0.0010116532744738687,0.005573646037028108,-0.22618210225158225,-0.5437548809113225,27,9.061495716257359e-07,0.0012422155677516045,0.8999727817093087,0.8999727817093087,110.0,1000.0,30.3
13:33:30/scan-008,13:33:30,8,2.061858,184.354808,200000,0.0018810217875415017,0.0010173157376494584,0.005703358491596832,-0.2241630723678787,-0.5590986776716564,18,7.139096457893732e-07,0.0008328903964145172,0.8999727817093087,0.8999727817093087,110.0,1000.0,30.4
13:33:30/scan-009,13:33:30,9,2.061858,184.354808,200000,0.0018766065709011803,0.0009920212073761144,0.005623086559503228,-0.22110611230596824,-0.5473478806473674,24,1.2074013885506405e-06,0.0008095722243611877,0.9000408274360371,0.8999727817093087,110.0,1000.0,30.3
13:33:30/scan-010,13:33:30,10,2.061858,184.354808,200000,0.001869438239009422,0.0009883983421134085,0.005469972840896172,-0.23226230324845404,-0.5498361228594801,24,6.427594941076122e-07,0.0012180338473380382,0.9000408274360371,0.8999727817093087,110.0,1000.0,30.3
13:33:30/scan-011,13:33:30,11,2.061858,184.354808,200000,0.0018583410133377629,0.0009783848659823242,0.0055934834987122406,-0.23610161715160077,-0.5425515904508166,23,8.373188155657895e-07,0.0013094586526719077,0.9000408274360371,0.8999727817093087,110.0,1000.0,30.3
13:33:30/scan-012,13:33:30,12,2.061858,184.354808,200000,0.0018898161883463855,0.0010040478340358633,0.005693750460150529,-0.21205113995253413,-0.5363201666940909,15,7.44876970204027e-07,0.0008680148869463778,0.9000408274360371,0.8999727817093087,110.0,1000.0,30.3
13:33:30/scan-013,13:33:30,13,2.061858,184.354808,200000,0.0018927695525197334,0.0009756401221986947,0.0054876211390110135,-0.2304393876296168,-0.5432168183581579,16,6.615539268572899e-07,0.001101616409437557,0.9000408274360371,0.8999727817093087,110.0,1000.0,30.3
13:33:30/scan-014,13:33:30,14,2.061858,184.354808,200000,0.001900660454600833,0.0009908433988024198,0.005717006592897668,-0.22899989489279526,-0.5389967794661144,21,6.30526780430276e-07,0.0016020058677738496,0.9000408274360371,0.8999727817093087,110.0,1000.0,30.3
13:33:30/scan-015,13:33:30,15,2.061858,184.354808,200000,0.0018987113129733373,0.0009890706963924729,0.005591543604824766,-0.221047038159825,-0.5557693014858248,24,9.519343766853979e-07,0.0013711260198468736,0.8999727817093087,0.8999727817093087,110.0,1000.0,30.3
13:33:30/scan-016,13:33:30,16,2.061858,184.354808,200000,0.001896962346006268,0.0010003175469179219,0.005677352008031609,-0.24608299120015606,-0.5363335863819096,24,7.567980588885341e-07,0.0017118975351246588,0.8999727817093087,0.8999727817093087,110.0,1000.0,30.3
13:33:30/scan-017,13:33:30,17,2.061858,184.354808,200000,0.0019009881757581144,0.0010179222692475209,0.005818922600047689,-0.22694645531389196,-0.5389552319400385,16,7.085946051105958e-07,0.001176708991081459,0.9000408274360371,0.8999727817093087,110.0,1000.0,30.3
13:33:30/scan-018,13:33:30,18,2.061858,184.354808,200000,0.001900360396409097,0.0009676942949648566,0.005521586724077936,-0.22456847150003825,-0.5359290472550791,24,7.003387376730166e-07,0.0012388762736522748,0.8999727817093087,0.8999727817093087,110.0,1000.0,30.3
13:33:30/scan-019,13:33:30,19,2.061858,184.354808,200000,0.00188787164207171,0.0009933440006849033,0.005621704076199951,-0.2328381739104498,-0.5367455728210879,30,1.1321942457434748e-06,0.001020309153344046,0.8999727817093087,0.8999727817093087,110.0,1000.0,30.3
13:43:08/scan-000,13:43:08,0,2.47423,221.22577,200000,0.0019111038611863784,0.0009875361595244444,0.005611763128158674,-0.22097176165285587,-0.5536302652745483,20,7.168591420469696e-07,0.001443258343487521,0.9000408274360371,0.8999727817093087,110.0,1000.0,30.3
13:43:08/scan-001,13:43:08,1,2.47423,221.22577,200000,0.0018921409577731924,0.0009518486016050614,0.00541707002133605,-0.23405875177087382,-0.5368377547668318,30,6.843226244284606e-07,0.0009852883254454967,0.9000408274360371,0.8999727817093087,110.0,1000.0,30.3
13:43:08/scan-002,13:43:08,2,2.47423,221.22577,200000,0.002025715329132692,0.0011469098482915832,0.006387753298786343,-0.23708815010007317,-0.5068126405738256,28,1.1506674058953037e-06,0.0011700782305752448,0.8999727817093087,0.8999727817093087,110.0,1000.0,30.3
13:43:08/scan-003,13:43:08,3,2.47423,221.22577,200000,0.0020782729207626787,0.001158565440083869,0.006471707709505076,-0.23234557976067713,-0.5096272423887368,21,6.483978255863858e-07,0.0017078583413472862,0.8999727817093087,0.8999727817093087,110.0,1000.0,30.3
13:43:08/scan-004,13:43:08,4,2.47423,221.22577,200000,0.002099952501650939,0.0011837814231524279,0.006429021559080601,-0.23410424899754587,-0.5005600919943114,27,5.946783694916724e-07,0.0014566760945341943,0.8999727817093087,0.8999727817093087,110.0,1000.0,30.3
13:43:08/scan-005,13:43:08,5,2.47423,221.22577,200000,0.0020286755958799064,0.0011505312295755628,0.006190217271687371,-0.24183855017760406,-0.5026239556827762,15,9.099379959351274e-07,0.0009639956391589216,0.8999727817093087,0.8999727817093087,110.0,1000.0,30.3
13:43:08/scan-006,13:43:08,6,2.47423,221.22577,200000,0.0020704127581000903,0.0011638659963480475,0.00640354016235655,-0.23527251578903918,-0.5148295093241982,16,7.116859132284186e-07,0.0009744040067759475,0.9000408274360371,0.8999727817093087,110.0,1000.0,30.3
13:43:08/scan-007,13:43:08,7,2.47423,221.22577,200000,0.002090531174861385,0.0011687410178195035,0.006566871243597453,-0.2302698627290602,-0.5046961548432808,16,7.568359923196069e-07,0.0009195608186438181,0.9000408274360371,0.8999727817093087,109.0,1000.0,30.3
13:43:08/scan-008,13:43:08,8,2.47423,221.22577,200000,0.0020680454910015768,0.001175018024599189,0.006466611494847935,-0.24166683526883773,-0.5031132414170885,15,1.0399345038434817e-06,0.001254776764697032,0.9000408274360371,0.8999727817093087,110.0,1000.0,30.3
13:43:08/scan-009,13:43:08,9,2.47423,221.22577,200000,0.00205831089803493,0.00117922925568991,0.0065620506174029584,-0.23624118443892111,-0.5109948227322075,24,7.554404722732385e-07,0.001039003661471404,0.8999727817093087,0.8999727817093087,110.0,1000.0,30.3
13:43:08/scan-010,13:43:08,10,2.47423,221.22577,200000,0.0020829102410868505,0.0012057700969895348,0.006713659515301339,-0.24313235464218574,-0.5064964975002184,19,1.6741374778655545e-06,0.0013410461297869492,0.8999727817093087,0.8999727817093087,110.0,1000.0,30.3
13:43:08/scan-011,13:43:08,11,2.47423,221.22577,200000,0.0020668713497294937,0.001187666650356831,0.006252204643067191,-0.23750807814015876,-0.5130457082144203,34,5.891128482339349e-07,0.001285827493393326,0.8999727817093087,0.8999727817093087,110.0,1000.0,30.4
13:43:08/scan-012,13:43:08,12,2.47423,221.22577,200000,0.002074908941292205,0.0011652818236734233,0.006344467380506372,-0.22823091438598148,-0.4982630665037113,22,6.989828564660938e-07,0.0011998557306715698,0.8999727817093087,0.8999727817093087,110.0,1000.0,30.4
13:43:08/scan-013,13:43:08,13,2.47423,221.22577,200000,0.002059729059802372,0.0011555748721938056,0.006391672956158784,-0.24758216268813593,-0.4946220928795386,26,7.770623365818565e-07,0.0008307312121029486,0.8999727817093087,0.8999727817093087,110.0,1000.0,30.3
13:43:08/scan-014,13:43:08,14,2.47423,221.22577,200000,0.0020695679209611784,0.0011542608919387512,0.006471088734282249,-0.2396117234222153,-0.5072061426468002,17,6.465196860748562e-07,0.0010092250713095291,0.8999727817093087,0.8999727817093087,110.0,1000.0,30.3
13:43:08/scan-015,13:43:08,15,2.47423,221.22577,200000,0.002059614487586489,0.001114075903391034,0.006254073910209879,-0.24995837373818858,-0.5068451501477098,15,6.85172096818324e-07,0.0014625942213808661,0.8999727817093087,0.8999727817093087,111.0,1000.0,30.4
13:43:08/scan-016,13:43:08,16,2.47423,221.22577,200000,0.002051440116355529,0.0011532562590905726,0.0062954464660922626,-0.2534392849163087,-0.500443006935711,25,8.964611914738067e-07,0.0010502146416049548,0.9000408274360371,0.8999727817093087,111.0,1000.0,30.3
13:43:08/scan-017,13:43:08,17,2.47423,221.22577,200000,0.0020315170480154016,0.0011467562096244015,0.006442858494551481,-0.22829370204554267,-0.51019282841903,25,1.2577504410319547e-06,0.001396456847243357,0.8999727817093087,0.8999727817093087,111.0,1000.0,30.3
13:43:08/scan-018,13:43:08,18,2.47423,221.22577,200000,0.002032776887405198,0.0011518258075464605,0.00622088673799092,-0.24857697275319254,-0.49105095197896603,27,1.219519968076545e-06,0.0011670339942090099,0.8999727817093087,0.8999727817093087,111.0,1000.0,30.4
13:43:08/scan-019,13:43:08,19,2.47423,221.22577,200000,0.002034495635332723,0.0011113110926753592,0.006191913064709587,-0.2392595171599215,-0.5149710559362071,16,1.070313331545001e-06,0.0009232261762284878,0.8999727817093087,0.8999727817093087,111.0,1000.0,30.4
13:43:08/scan-020,13:43:08,20,2.47423,221.22577,200000,0.002040199831266278,0.001126455728412296,0.006238142723380873,-0.2458476292195439,-0.5014959199213775,22,8.031790820111251e-07,0.0008294678885590782,0.8999727817093087,0.8999727817093087,111.0,1000.0,30.3
13:43:08/scan-021,13:43:08,21,2.47423,221.22577,200000,0.0020346358709806734,0.0010913585661468238,0.006066468598821538,-0.23590448940166195,-0.5160884857166161,25,1.282602892369807e-06,0.0006817573852468459,0.8999727817093087,0.8999727817093087,111.0,1000.0,30.4
13:43:08/scan-022,13:43:08,22,2.47423,221.22577,200000,0.002029723571379823,0.0011366211395952412,0.006261879306728302,-0.2354127134283646,-0.5226175667628064,21,9.422602582305829e-07,0.001099344292627491,0.9000408274360371,0.8999727817093087,110.0,1000.0,30.3
13:43:08/scan-023,13:43:08,23,2.47423,221.22577,200000,0.0020089442973223876,0.0011308386203587534,0.006218636985641404,-0.23098063217984324,-0.507370222552614,23,1.544285249966876e-06,0.0010807710546322626,0.9000408274360371,0.8999727817093087,110.0,1000.0,30.4
13:43:08/scan-024,13:43:08,24,2.47423,221.22577,200000,0.0020500808687393584,0.0011411069752615406,0.006401525229284992,-0.23850152293036359,-0.5078182033296701,20,7.619089158286178e-07,0.0013474920948145337,0.8999727817093087,0.8999727817093087,111.0,1000.0,30.4
13:43:08/scan-025,13:43:08,25,2.47423,221.22577,200000,0.0020198828292910262,0.0010992985744188223,0.006112066864388886,-0.23568184532248662,-0.49806623192718397,11,6.750537602721507e-07,0.0014537145145142654,0.8999727817093087,0.8999727817093087,111.0,1000.0,30.3
13:43:08/scan-026,13:43:08,26,2.47423,221.22577,200000,0.002028278647950488,0.001128099772033531,0.00646494660861013,-0.24349124147450188,-0.5090970815007473,28,1.1922559729138115e-06,0.0013940110990462295,0.8999727817093087,0.8999727817093087,111.0,1000.0,30.3
13:43:08/scan-027,13:43:08,27,2.47423,221.22577,200000,0.002068895873911799,0.0010841405019788803,0.0060428306327460395,-0.23633415349779432,-0.5049222865732493,17,1.029346856422486e-06,0.0009264265546608972,0.8999727817093087,0.8999727817093087,111.0,1000.0,30.3
13:43:08/scan-028,13:43:08,28,2.47423,221.22577,200000,0.002043752596320916,0.0011138853612939262,0.0061008259447009475,-0.248445742224687,-0.4968163591628763,19,8.456334203076786e-07,0.0012966093933574124,0.8999727817093087,0.8999727817093087,111.0,1000.0,30.3
13:43:08/scan-029,13:43:08,29,2.47423,221.22577,200000,0.002018530545487358,0.0011011479813331443,0.0062394113778761464,-0.2475473960093964,-0.5245179021840235,14,6.437921541600299e-07,0.0009093124972988065,0.8999727817093087,0.8999727817093087,111.0,1000.0,30.3
