model,sample_id,group,target,actual,predicted,residual,absolute_error
InceptionNestedNoAug,12:46:00/scan-000,12:46:00,13CO2,0.0,0.5805997252464294,0.5805997252464294,0.5805997252464294
InceptionNestedNoAug,12:46:00/scan-000,12:46:00,12CO2,0.0,57.23486328125,57.23486328125,57.23486328125
InceptionNestedNoAug,12:46:00/scan-001,12:46:00,13CO2,0.0,0.6010531187057495,0.6010531187057495,0.6010531187057495
InceptionNestedNoAug,12:46:00/scan-001,12:46:00,12CO2,0.0,56.66056442260742,56.66056442260742,56.66056442260742
InceptionNestedNoAug,12:46:00/scan-002,12:46:00,13CO2,0.0,0.5855454206466675,0.5855454206466675,0.5855454206466675
InceptionNestedNoAug,12:46:00/scan-002,12:46:00,12CO2,0.0,55.196746826171875,55.196746826171875,55.196746826171875
InceptionNestedNoAug,12:46:00/scan-003,12:46:00,13CO2,0.0,0.5839951634407043,0.5839951634407043,0.5839951634407043
InceptionNestedNoAug,12:46:00/scan-003,12:46:00,12CO2,0.0,55.28766632080078,55.28766632080078,55.28766632080078
InceptionNestedNoAug,12:46:00/scan-004,12:46:00,13CO2,0.0,0.5991662740707397,0.5991662740707397,0.5991662740707397
InceptionNestedNoAug,12:46:00/scan-004,12:46:00,12CO2,0.0,56.52338790893555,56.52338790893555,56.52338790893555
InceptionNestedNoAug,12:46:00/scan-005,12:46:00,13CO2,0.0,0.5909844636917114,0.5909844636917114,0.5909844636917114
InceptionNestedNoAug,12:46:00/scan-005,12:46:00,12CO2,0.0,55.614906311035156,55.614906311035156,55.614906311035156
InceptionNestedNoAug,12:46:00/scan-006,12:46:00,13CO2,0.0,0.5933384895324707,0.5933384895324707,0.5933384895324707
InceptionNestedNoAug,12:46:00/scan-006,12:46:00,12CO2,0.0,56.104103088378906,56.104103088378906,56.104103088378906
InceptionNestedNoAug,12:46:00/scan-007,12:46:00,13CO2,0.0,0.5894171595573425,0.5894171595573425,0.5894171595573425
InceptionNestedNoAug,12:46:00/scan-007,12:46:00,12CO2,0.0,55.5134391784668,55.5134391784668,55.5134391784668
InceptionNestedNoAug,12:46:00/scan-008,12:46:00,13CO2,0.0,0.5916069746017456,0.5916069746017456,0.5916069746017456
InceptionNestedNoAug,12:46:00/scan-008,12:46:00,12CO2,0.0,55.594520568847656,55.594520568847656,55.594520568847656
InceptionNestedNoAug,12:46:00/scan-009,12:46:00,13CO2,0.0,0.454071581363678,0.454071581363678,0.454071581363678
InceptionNestedNoAug,12:46:00/scan-009,12:46:00,12CO2,0.0,50.83997344970703,50.83997344970703,50.83997344970703
InceptionNestedNoAug,12:46:00/scan-010,12:46:00,13CO2,0.0,0.5940224528312683,0.5940224528312683,0.5940224528312683
InceptionNestedNoAug,12:46:00/scan-010,12:46:00,12CO2,0.0,56.18890380859375,56.18890380859375,56.18890380859375
InceptionNestedNoAug,12:46:00/scan-011,12:46:00,13CO2,0.0,0.4629642367362976,0.4629642367362976,0.4629642367362976
InceptionNestedNoAug,12:46:00/scan-011,12:46:00,12CO2,0.0,51.6021614074707,51.6021614074707,51.6021614074707
InceptionNestedNoAug,12:46:00/scan-012,12:46:00,13CO2,0.0,0.5088763236999512,0.5088763236999512,0.5088763236999512
InceptionNestedNoAug,12:46:00/scan-012,12:46:00,12CO2,0.0,52.88238525390625,52.88238525390625,52.88238525390625
InceptionNestedNoAug,12:46:00/scan-013,12:46:00,13CO2,0.0,0.5200737118721008,0.5200737118721008,0.5200737118721008
InceptionNestedNoAug,12:46:00/scan-013,12:46:00,12CO2,0.0,53.641029357910156,53.641029357910156,53.641029357910156
InceptionNestedNoAug,12:46:00/scan-014,12:46:00,13CO2,0.0,0.5123659372329712,0.5123659372329712,0.5123659372329712
InceptionNestedNoAug,12:46:00/scan-014,12:46:00,12CO2,0.0,53.19295120239258,53.19295120239258,53.19295120239258
InceptionNestedNoAug,12:46:00/scan-015,12:46:00,13CO2,0.0,0.5541893243789673,0.5541893243789673,0.5541893243789673
InceptionNestedNoAug,12:46:00/scan-015,12:46:00,12CO2,0.0,48.28211212158203,48.28211212158203,48.28211212158203
InceptionNestedNoAug,12:46:00/scan-016,12:46:00,13CO2,0.0,0.5399736166000366,0.5399736166000366,0.5399736166000366
InceptionNestedNoAug,12:46:00/scan-016,12:46:00,12CO2,0.0,47.13733673095703,47.13733673095703,47.13733673095703
InceptionNestedNoAug,12:46:00/scan-017,12:46:00,13CO2,0.0,0.5592058897018433,0.5592058897018433,0.5592058897018433
InceptionNestedNoAug,12:46:00/scan-017,12:46:00,12CO2,0.0,48.55910110473633,48.55910110473633,48.55910110473633
InceptionNestedNoAug,12:46:00/scan-018,12:46:00,13CO2,0.0,0.48511916399002075,0.48511916399002075,0.48511916399002075
InceptionNestedNoAug,12:46:00/scan-018,12:46:00,12CO2,0.0,46.0788459777832,46.0788459777832,46.0788459777832
InceptionNestedNoAug,12:46:00/scan-019,12:46:00,13CO2,0.0,0.5522311329841614,0.5522311329841614,0.5522311329841614
InceptionNestedNoAug,12:46:00/scan-019,12:46:00,12CO2,0.0,48.23706817626953,48.23706817626953,48.23706817626953
InceptionNestedNoAug,12:55:42/scan-000,12:55:42,13CO2,0.41237199306488037,0.798527717590332,0.38615572452545166,0.38615572452545166
InceptionNestedNoAug,12:55:42/scan-000,12:55:42,12CO2,36.8709602355957,57.695098876953125,20.824138641357422,20.824138641357422
InceptionNestedNoAug,12:55:42/scan-001,12:55:42,13CO2,0.41237199306488037,0.755128800868988,0.34275680780410767,0.34275680780410767
InceptionNestedNoAug,12:55:42/scan-001,12:55:42,12CO2,36.8709602355957,52.624229431152344,15.75326919555664,15.75326919555664
InceptionNestedNoAug,12:55:42/scan-002,12:55:42,13CO2,0.41237199306488037,0.8823075294494629,0.4699355363845825,0.4699355363845825
InceptionNestedNoAug,12:55:42/scan-002,12:55:42,12CO2,36.8709602355957,64.06488037109375,27.193920135498047,27.193920135498047
InceptionNestedNoAug,12:55:42/scan-003,12:55:42,13CO2,0.41237199306488037,0.8566802740097046,0.4443082809448242,0.4443082809448242
InceptionNestedNoAug,12:55:42/scan-003,12:55:42,12CO2,36.8709602355957,60.8082275390625,23.937267303466797,23.937267303466797
InceptionNestedNoAug,12:55:42/scan-004,12:55:42,13CO2,0.41237199306488037,0.8725372552871704,0.46016526222229004,0.46016526222229004
InceptionNestedNoAug,12:55:42/scan-004,12:55:42,12CO2,36.8709602355957,62.501380920410156,25.630420684814453,25.630420684814453
InceptionNestedNoAug,12:55:42/scan-005,12:55:42,13CO2,0.41237199306488037,0.8547036051750183,0.44233161211013794,0.44233161211013794
InceptionNestedNoAug,12:55:42/scan-005,12:55:42,12CO2,36.8709602355957,67.21949005126953,30.348529815673828,30.348529815673828
InceptionNestedNoAug,12:55:42/scan-006,12:55:42,13CO2,0.41237199306488037,0.7803782224655151,0.36800622940063477,0.36800622940063477
InceptionNestedNoAug,12:55:42/scan-006,12:55:42,12CO2,36.8709602355957,64.72490692138672,27.853946685791016,27.853946685791016
InceptionNestedNoAug,12:55:42/scan-007,12:55:42,13CO2,0.41237199306488037,0.869986355304718,0.45761436223983765,0.45761436223983765
InceptionNestedNoAug,12:55:42/scan-007,12:55:42,12CO2,36.8709602355957,62.42583465576172,25.554874420166016,25.554874420166016
InceptionNestedNoAug,12:55:42/scan-008,12:55:42,13CO2,0.41237199306488037,0.7711570858955383,0.35878509283065796,0.35878509283065796
InceptionNestedNoAug,12:55:42/scan-008,12:55:42,12CO2,36.8709602355957,63.905670166015625,27.034709930419922,27.034709930419922
InceptionNestedNoAug,12:55:42/scan-009,12:55:42,13CO2,0.41237199306488037,0.7114966511726379,0.29912465810775757,0.29912465810775757
InceptionNestedNoAug,12:55:42/scan-009,12:55:42,12CO2,36.8709602355957,59.39311599731445,22.52215576171875,22.52215576171875
InceptionNestedNoAug,12:55:42/scan-010,12:55:42,13CO2,0.41237199306488037,0.7261692881584167,0.3137972950935364,0.3137972950935364
InceptionNestedNoAug,12:55:42/scan-010,12:55:42,12CO2,36.8709602355957,60.59893035888672,23.727970123291016,23.727970123291016
InceptionNestedNoAug,12:55:42/scan-011,12:55:42,13CO2,0.41237199306488037,0.6868571043014526,0.27448511123657227,0.27448511123657227
InceptionNestedNoAug,12:55:42/scan-011,12:55:42,12CO2,36.8709602355957,57.40264892578125,20.531688690185547,20.531688690185547
InceptionNestedNoAug,12:55:42/scan-012,12:55:42,13CO2,0.41237199306488037,0.7576467394828796,0.34527474641799927,0.34527474641799927
InceptionNestedNoAug,12:55:42/scan-012,12:55:42,12CO2,36.8709602355957,66.84049987792969,29.969539642333984,29.969539642333984
InceptionNestedNoAug,12:55:42/scan-013,12:55:42,13CO2,0.41237199306488037,0.6958433389663696,0.28347134590148926,0.28347134590148926
InceptionNestedNoAug,12:55:42/scan-013,12:55:42,12CO2,36.8709602355957,57.894386291503906,21.023426055908203,21.023426055908203
InceptionNestedNoAug,12:55:42/scan-014,12:55:42,13CO2,0.41237199306488037,0.7467301487922668,0.3343581557273865,0.3343581557273865
InceptionNestedNoAug,12:55:42/scan-014,12:55:42,12CO2,36.8709602355957,66.35477447509766,29.483814239501953,29.483814239501953
InceptionNestedNoAug,12:55:42/scan-015,12:55:42,13CO2,0.41237199306488037,0.7838361859321594,0.37146419286727905,0.37146419286727905
InceptionNestedNoAug,12:55:42/scan-015,12:55:42,12CO2,36.8709602355957,69.87511444091797,33.004154205322266,33.004154205322266
InceptionNestedNoAug,12:55:42/scan-016,12:55:42,13CO2,0.41237199306488037,0.7632404565811157,0.35086846351623535,0.35086846351623535
InceptionNestedNoAug,12:55:42/scan-016,12:55:42,12CO2,36.8709602355957,67.76786804199219,30.896907806396484,30.896907806396484
InceptionNestedNoAug,12:55:42/scan-017,12:55:42,13CO2,0.41237199306488037,0.7560099363327026,0.34363794326782227,0.34363794326782227
InceptionNestedNoAug,12:55:42/scan-017,12:55:42,12CO2,36.8709602355957,67.10197448730469,30.231014251708984,30.231014251708984
InceptionNestedNoAug,12:55:42/scan-018,12:55:42,13CO2,0.41237199306488037,0.7282356023788452,0.31586360931396484,0.31586360931396484
InceptionNestedNoAug,12:55:42/scan-018,12:55:42,12CO2,36.8709602355957,60.9336051940918,24.062644958496094,24.062644958496094
InceptionNestedNoAug,12:55:42/scan-019,12:55:42,13CO2,0.41237199306488037,0.7667512893676758,0.3543792963027954,0.3543792963027954
InceptionNestedNoAug,12:55:42/scan-019,12:55:42,12CO2,36.8709602355957,67.96144104003906,31.09048080444336,31.09048080444336
InceptionNestedNoAug,13:05:15/scan-000,13:05:15,13CO2,0.8247429728507996,0.3213130831718445,-0.5034298896789551,0.5034298896789551
InceptionNestedNoAug,13:05:15/scan-000,13:05:15,12CO2,73.7419204711914,38.01223373413086,-35.72968673706055,35.72968673706055
InceptionNestedNoAug,13:05:15/scan-001,13:05:15,13CO2,0.8247429728507996,0.39347824454307556,-0.431264728307724,0.431264728307724
InceptionNestedNoAug,13:05:15/scan-001,13:05:15,12CO2,73.7419204711914,39.237361907958984,-34.50455856323242,34.50455856323242
InceptionNestedNoAug,13:05:15/scan-002,13:05:15,13CO2,0.8247429728507996,0.5164820551872253,-0.3082609176635742,0.3082609176635742
InceptionNestedNoAug,13:05:15/scan-002,13:05:15,12CO2,73.7419204711914,56.97400665283203,-16.767913818359375,16.767913818359375
InceptionNestedNoAug,13:05:15/scan-003,13:05:15,13CO2,0.8247429728507996,0.581567645072937,-0.24317532777786255,0.24317532777786255
InceptionNestedNoAug,13:05:15/scan-003,13:05:15,12CO2,73.7419204711914,63.01054000854492,-10.731380462646484,10.731380462646484
InceptionNestedNoAug,13:05:15/scan-004,13:05:15,13CO2,0.8247429728507996,0.6368716359138489,-0.18787133693695068,0.18787133693695068
InceptionNestedNoAug,13:05:15/scan-004,13:05:15,12CO2,73.7419204711914,62.24781036376953,-11.494110107421875,11.494110107421875
InceptionNestedNoAug,13:05:15/scan-005,13:05:15,13CO2,0.8247429728507996,0.6804642081260681,-0.14427876472473145,0.14427876472473145
InceptionNestedNoAug,13:05:15/scan-005,13:05:15,12CO2,73.7419204711914,63.3013801574707,-10.440540313720703,10.440540313720703
InceptionNestedNoAug,13:05:15/scan-006,13:05:15,13CO2,0.8247429728507996,0.6534828543663025,-0.17126011848449707,0.17126011848449707
InceptionNestedNoAug,13:05:15/scan-006,13:05:15,12CO2,73.7419204711914,64.11131286621094,-9.630607604980469,9.630607604980469
InceptionNestedNoAug,13:05:15/scan-007,13:05:15,13CO2,0.8247429728507996,0.7065979242324829,-0.11814504861831665,0.11814504861831665
InceptionNestedNoAug,13:05:15/scan-007,13:05:15,12CO2,73.7419204711914,64.8456039428711,-8.896316528320312,8.896316528320312
InceptionNestedNoAug,13:05:15/scan-008,13:05:15,13CO2,0.8247429728507996,0.6047531366348267,-0.2199898362159729,0.2199898362159729
InceptionNestedNoAug,13:05:15/scan-008,13:05:15,12CO2,73.7419204711914,62.24174880981445,-11.500171661376953,11.500171661376953
InceptionNestedNoAug,13:05:15/scan-009,13:05:15,13CO2,0.8247429728507996,0.7129684090614319,-0.11177456378936768,0.11177456378936768
InceptionNestedNoAug,13:05:15/scan-009,13:05:15,12CO2,73.7419204711914,65.9670181274414,-7.77490234375,7.77490234375
InceptionNestedNoAug,13:05:15/scan-010,13:05:15,13CO2,0.8247429728507996,0.6346451044082642,-0.1900978684425354,0.1900978684425354
InceptionNestedNoAug,13:05:15/scan-010,13:05:15,12CO2,73.7419204711914,64.96453857421875,-8.777381896972656,8.777381896972656
InceptionNestedNoAug,13:05:15/scan-011,13:05:15,13CO2,0.8247429728507996,0.7395060658454895,-0.08523690700531006,0.08523690700531006
InceptionNestedNoAug,13:05:15/scan-011,13:05:15,12CO2,73.7419204711914,74.96412658691406,1.2222061157226562,1.2222061157226562
InceptionNestedNoAug,13:05:15/scan-012,13:05:15,13CO2,0.8247429728507996,0.643792450428009,-0.18095052242279053,0.18095052242279053
InceptionNestedNoAug,13:05:15/scan-012,13:05:15,12CO2,73.7419204711914,65.31733703613281,-8.424583435058594,8.424583435058594
InceptionNestedNoAug,13:05:15/scan-013,13:05:15,13CO2,0.8247429728507996,0.7615338563919067,-0.06320911645889282,0.06320911645889282
InceptionNestedNoAug,13:05:15/scan-013,13:05:15,12CO2,73.7419204711914,70.71977233886719,-3.0221481323242188,3.0221481323242188
InceptionNestedNoAug,13:05:15/scan-014,13:05:15,13CO2,0.8247429728507996,0.7341376543045044,-0.09060531854629517,0.09060531854629517
InceptionNestedNoAug,13:05:15/scan-014,13:05:15,12CO2,73.7419204711914,67.57633209228516,-6.16558837890625,6.16558837890625
InceptionNestedNoAug,13:05:15/scan-015,13:05:15,13CO2,0.8247429728507996,0.6730588674545288,-0.15168410539627075,0.15168410539627075
InceptionNestedNoAug,13:05:15/scan-015,13:05:15,12CO2,73.7419204711914,68.77400970458984,-4.9679107666015625,4.9679107666015625
InceptionNestedNoAug,13:05:15/scan-016,13:05:15,13CO2,0.8247429728507996,0.7293568849563599,-0.0953860878944397,0.0953860878944397
InceptionNestedNoAug,13:05:15/scan-016,13:05:15,12CO2,73.7419204711914,67.66063690185547,-6.0812835693359375,6.0812835693359375
InceptionNestedNoAug,13:05:15/scan-017,13:05:15,13CO2,0.8247429728507996,0.645659327507019,-0.17908364534378052,0.17908364534378052
InceptionNestedNoAug,13:05:15/scan-017,13:05:15,12CO2,73.7419204711914,66.56978607177734,-7.1721343994140625,7.1721343994140625
InceptionNestedNoAug,13:05:15/scan-018,13:05:15,13CO2,0.8247429728507996,0.7405799627304077,-0.08416301012039185,0.08416301012039185
InceptionNestedNoAug,13:05:15/scan-018,13:05:15,12CO2,73.7419204711914,68.9105224609375,-4.831398010253906,4.831398010253906
InceptionNestedNoAug,13:05:15/scan-019,13:05:15,13CO2,0.8247429728507996,0.6580477952957153,-0.16669517755508423,0.16669517755508423
InceptionNestedNoAug,13:05:15/scan-019,13:05:15,12CO2,73.7419204711914,67.99213409423828,-5.749786376953125,5.749786376953125
InceptionNestedNoAug,13:14:37/scan-000,13:14:37,13CO2,1.2371150255203247,0.8528593182563782,-0.38425570726394653,0.38425570726394653
InceptionNestedNoAug,13:14:37/scan-000,13:14:37,12CO2,110.61288452148438,76.6338882446289,-33.97899627685547,33.97899627685547
InceptionNestedNoAug,13:14:37/scan-001,13:14:37,13CO2,1.2371150255203247,0.8193791508674622,-0.41773587465286255,0.41773587465286255
InceptionNestedNoAug,13:14:37/scan-001,13:14:37,12CO2,110.61288452148438,73.32050323486328,-37.292381286621094,37.292381286621094
InceptionNestedNoAug,13:14:37/scan-002,13:14:37,13CO2,1.2371150255203247,1.2345092296600342,-0.0026057958602905273,0.0026057958602905273
InceptionNestedNoAug,13:14:37/scan-002,13:14:37,12CO2,110.61288452148438,111.77581787109375,1.162933349609375,1.162933349609375
InceptionNestedNoAug,13:14:37/scan-003,13:14:37,13CO2,1.2371150255203247,1.258375644683838,0.021260619163513184,0.021260619163513184
InceptionNestedNoAug,13:14:37/scan-003,13:14:37,12CO2,110.61288452148438,113.31124114990234,2.6983566284179688,2.6983566284179688
InceptionNestedNoAug,13:14:37/scan-004,13:14:37,13CO2,1.2371150255203247,1.2841393947601318,0.04702436923980713,0.04702436923980713
InceptionNestedNoAug,13:14:37/scan-004,13:14:37,12CO2,110.61288452148438,116.85142517089844,6.2385406494140625,6.2385406494140625
InceptionNestedNoAug,13:14:37/scan-005,13:14:37,13CO2,1.2371150255203247,1.3298105001449585,0.09269547462463379,0.09269547462463379
InceptionNestedNoAug,13:14:37/scan-005,13:14:37,12CO2,110.61288452148438,119.916748046875,9.303863525390625,9.303863525390625
InceptionNestedNoAug,13:14:37/scan-006,13:14:37,13CO2,1.2371150255203247,1.3331600427627563,0.09604501724243164,0.09604501724243164
InceptionNestedNoAug,13:14:37/scan-006,13:14:37,12CO2,110.61288452148438,120.24281311035156,9.629928588867188,9.629928588867188
InceptionNestedNoAug,13:14:37/scan-007,13:14:37,13CO2,1.2371150255203247,1.3646247386932373,0.1275097131729126,0.1275097131729126
InceptionNestedNoAug,13:14:37/scan-007,13:14:37,12CO2,110.61288452148438,123.69873046875,13.085845947265625,13.085845947265625
InceptionNestedNoAug,13:14:37/scan-008,13:14:37,13CO2,1.2371150255203247,1.345259189605713,0.10814416408538818,0.10814416408538818
InceptionNestedNoAug,13:14:37/scan-008,13:14:37,12CO2,110.61288452148438,121.29268646240234,10.679801940917969,10.679801940917969
InceptionNestedNoAug,13:14:37/scan-009,13:14:37,13CO2,1.2371150255203247,1.3492276668548584,0.11211264133453369,0.11211264133453369
InceptionNestedNoAug,13:14:37/scan-009,13:14:37,12CO2,110.61288452148438,122.55735778808594,11.944473266601562,11.944473266601562
InceptionNestedNoAug,13:14:37/scan-010,13:14:37,13CO2,1.2371150255203247,1.333991289138794,0.09687626361846924,0.09687626361846924
InceptionNestedNoAug,13:14:37/scan-010,13:14:37,12CO2,110.61288452148438,121.167724609375,10.554840087890625,10.554840087890625
InceptionNestedNoAug,13:14:37/scan-011,13:14:37,13CO2,1.2371150255203247,1.314805269241333,0.0776902437210083,0.0776902437210083
InceptionNestedNoAug,13:14:37/scan-011,13:14:37,12CO2,110.61288452148438,120.5375747680664,9.924690246582031,9.924690246582031
InceptionNestedNoAug,13:14:37/scan-012,13:14:37,13CO2,1.2371150255203247,1.2423726320266724,0.005257606506347656,0.005257606506347656
InceptionNestedNoAug,13:14:37/scan-012,13:14:37,12CO2,110.61288452148438,114.6265640258789,4.013679504394531,4.013679504394531
InceptionNestedNoAug,13:14:37/scan-013,13:14:37,13CO2,1.2371150255203247,1.2724446058273315,0.035329580307006836,0.035329580307006836
InceptionNestedNoAug,13:14:37/scan-013,13:14:37,12CO2,110.61288452148438,116.84736633300781,6.2344818115234375,6.2344818115234375
InceptionNestedNoAug,13:14:37/scan-014,13:14:37,13CO2,1.2371150255203247,1.4022928476333618,0.1651778221130371,0.1651778221130371
InceptionNestedNoAug,13:14:37/scan-014,13:14:37,12CO2,110.61288452148438,126.72245788574219,16.109573364257812,16.109573364257812
InceptionNestedNoAug,13:14:37/scan-015,13:14:37,13CO2,1.2371150255203247,1.4406794309616089,0.20356440544128418,0.20356440544128418
InceptionNestedNoAug,13:14:37/scan-015,13:14:37,12CO2,110.61288452148438,130.57052612304688,19.9576416015625,19.9576416015625
InceptionNestedNoAug,13:14:37/scan-016,13:14:37,13CO2,1.2371150255203247,1.4189296960830688,0.18181467056274414,0.18181467056274414
InceptionNestedNoAug,13:14:37/scan-016,13:14:37,12CO2,110.61288452148438,128.5451202392578,17.932235717773438,17.932235717773438
InceptionNestedNoAug,13:14:37/scan-017,13:14:37,13CO2,1.2371150255203247,1.3234771490097046,0.08636212348937988,0.08636212348937988
InceptionNestedNoAug,13:14:37/scan-017,13:14:37,12CO2,110.61288452148438,119.78990173339844,9.177017211914062,9.177017211914062
InceptionNestedNoAug,13:14:37/scan-018,13:14:37,13CO2,1.2371150255203247,1.3598695993423462,0.12275457382202148,0.12275457382202148
InceptionNestedNoAug,13:14:37/scan-018,13:14:37,12CO2,110.61288452148438,122.75886535644531,12.145980834960938,12.145980834960938
InceptionNestedNoAug,13:14:37/scan-019,13:14:37,13CO2,1.2371150255203247,1.357405424118042,0.12029039859771729,0.12029039859771729
InceptionNestedNoAug,13:14:37/scan-019,13:14:37,12CO2,110.61288452148438,123.1866683959961,12.573783874511719,12.573783874511719
InceptionNestedNoAug,13:24:02/scan-000,13:24:02,13CO2,1.649487018585205,1.2617746591567993,-0.38771235942840576,0.38771235942840576
InceptionNestedNoAug,13:24:02/scan-000,13:24:02,12CO2,147.4838409423828,109.87310791015625,-37.61073303222656,37.61073303222656
InceptionNestedNoAug,13:24:02/scan-001,13:24:02,13CO2,1.649487018585205,1.2800458669662476,-0.3694411516189575,0.3694411516189575
InceptionNestedNoAug,13:24:02/scan-001,13:24:02,12CO2,147.4838409423828,111.7061538696289,-35.777687072753906,35.777687072753906
InceptionNestedNoAug,13:24:02/scan-002,13:24:02,13CO2,1.649487018585205,1.3939602375030518,-0.2555267810821533,0.2555267810821533
InceptionNestedNoAug,13:24:02/scan-002,13:24:02,12CO2,147.4838409423828,124.5936050415039,-22.890235900878906,22.890235900878906
InceptionNestedNoAug,13:24:02/scan-003,13:24:02,13CO2,1.649487018585205,1.4414632320404053,-0.2080237865447998,0.2080237865447998
InceptionNestedNoAug,13:24:02/scan-003,13:24:02,12CO2,147.4838409423828,136.4871063232422,-10.996734619140625,10.996734619140625
InceptionNestedNoAug,13:24:02/scan-004,13:24:02,13CO2,1.649487018585205,1.4730274677276611,-0.17645955085754395,0.17645955085754395
InceptionNestedNoAug,13:24:02/scan-004,13:24:02,12CO2,147.4838409423828,139.77389526367188,-7.7099456787109375,7.7099456787109375
InceptionNestedNoAug,13:24:02/scan-005,13:24:02,13CO2,1.649487018585205,1.5127925872802734,-0.13669443130493164,0.13669443130493164
InceptionNestedNoAug,13:24:02/scan-005,13:24:02,12CO2,147.4838409423828,137.74368286132812,-9.740158081054688,9.740158081054688
InceptionNestedNoAug,13:24:02/scan-006,13:24:02,13CO2,1.649487018585205,1.471130609512329,-0.17835640907287598,0.17835640907287598
InceptionNestedNoAug,13:24:02/scan-006,13:24:02,12CO2,147.4838409423828,128.82891845703125,-18.654922485351562,18.654922485351562
InceptionNestedNoAug,13:24:02/scan-007,13:24:02,13CO2,1.649487018585205,1.5063414573669434,-0.14314556121826172,0.14314556121826172
InceptionNestedNoAug,13:24:02/scan-007,13:24:02,12CO2,147.4838409423828,132.31381225585938,-15.170028686523438,15.170028686523438
InceptionNestedNoAug,13:24:02/scan-008,13:24:02,13CO2,1.649487018585205,1.5629523992538452,-0.08653461933135986,0.08653461933135986
InceptionNestedNoAug,13:24:02/scan-008,13:24:02,12CO2,147.4838409423828,137.53985595703125,-9.943984985351562,9.943984985351562
InceptionNestedNoAug,13:24:02/scan-009,13:24:02,13CO2,1.649487018585205,1.4391894340515137,-0.2102975845336914,0.2102975845336914
InceptionNestedNoAug,13:24:02/scan-009,13:24:02,12CO2,147.4838409423828,137.19235229492188,-10.291488647460938,10.291488647460938
InceptionNestedNoAug,13:24:02/scan-010,13:24:02,13CO2,1.649487018585205,1.5829709768295288,-0.06651604175567627,0.06651604175567627
InceptionNestedNoAug,13:24:02/scan-010,13:24:02,12CO2,147.4838409423828,144.53982543945312,-2.9440155029296875,2.9440155029296875
InceptionNestedNoAug,13:24:02/scan-011,13:24:02,13CO2,1.649487018585205,1.456453561782837,-0.19303345680236816,0.19303345680236816
InceptionNestedNoAug,13:24:02/scan-011,13:24:02,12CO2,147.4838409423828,127.77879333496094,-19.705047607421875,19.705047607421875
InceptionNestedNoAug,13:24:02/scan-012,13:24:02,13CO2,1.649487018585205,1.6247069835662842,-0.0247800350189209,0.0247800350189209
InceptionNestedNoAug,13:24:02/scan-012,13:24:02,12CO2,147.4838409423828,147.9053497314453,0.4215087890625,0.4215087890625
InceptionNestedNoAug,13:24:02/scan-013,13:24:02,13CO2,1.649487018585205,1.5063962936401367,-0.14309072494506836,0.14309072494506836
InceptionNestedNoAug,13:24:02/scan-013,13:24:02,12CO2,147.4838409423828,132.38063049316406,-15.10321044921875,15.10321044921875
InceptionNestedNoAug,13:24:02/scan-014,13:24:02,13CO2,1.649487018585205,1.5102670192718506,-0.1392199993133545,0.1392199993133545
InceptionNestedNoAug,13:24:02/scan-014,13:24:02,12CO2,147.4838409423828,135.00155639648438,-12.482284545898438,12.482284545898438
InceptionNestedNoAug,13:24:02/scan-015,13:24:02,13CO2,1.649487018585205,1.516250729560852,-0.13323628902435303,0.13323628902435303
InceptionNestedNoAug,13:24:02/scan-015,13:24:02,12CO2,147.4838409423828,133.22003173828125,-14.263809204101562,14.263809204101562
InceptionNestedNoAug,13:24:02/scan-016,13:24:02,13CO2,1.649487018585205,1.5660629272460938,-0.08342409133911133,0.08342409133911133
InceptionNestedNoAug,13:24:02/scan-016,13:24:02,12CO2,147.4838409423828,131.97225952148438,-15.511581420898438,15.511581420898438
InceptionNestedNoAug,13:24:02/scan-017,13:24:02,13CO2,1.649487018585205,1.5893443822860718,-0.0601426362991333,0.0601426362991333
InceptionNestedNoAug,13:24:02/scan-017,13:24:02,12CO2,147.4838409423828,138.6839141845703,-8.7999267578125,8.7999267578125
InceptionNestedNoAug,13:24:02/scan-018,13:24:02,13CO2,1.649487018585205,1.4727957248687744,-0.17669129371643066,0.17669129371643066
InceptionNestedNoAug,13:24:02/scan-018,13:24:02,12CO2,147.4838409423828,131.89688110351562,-15.586959838867188,15.586959838867188
InceptionNestedNoAug,13:24:02/scan-019,13:24:02,13CO2,1.649487018585205,1.4433143138885498,-0.20617270469665527,0.20617270469665527
InceptionNestedNoAug,13:24:02/scan-019,13:24:02,12CO2,147.4838409423828,128.96328735351562,-18.520553588867188,18.520553588867188
InceptionNestedNoAug,13:33:30/scan-000,13:33:30,13CO2,2.0618579387664795,1.7087053060531616,-0.35315263271331787,0.35315263271331787
InceptionNestedNoAug,13:33:30/scan-000,13:33:30,12CO2,184.3548126220703,145.359130859375,-38.99568176269531,38.99568176269531
InceptionNestedNoAug,13:33:30/scan-001,13:33:30,13CO2,2.0618579387664795,1.6853939294815063,-0.37646400928497314,0.37646400928497314
InceptionNestedNoAug,13:33:30/scan-001,13:33:30,12CO2,184.3548126220703,153.6715850830078,-30.6832275390625,30.6832275390625
InceptionNestedNoAug,13:33:30/scan-002,13:33:30,13CO2,2.0618579387664795,1.8161571025848389,-0.24570083618164062,0.24570083618164062
InceptionNestedNoAug,13:33:30/scan-002,13:33:30,12CO2,184.3548126220703,152.40061950683594,-31.954193115234375,31.954193115234375
InceptionNestedNoAug,13:33:30/scan-003,13:33:30,13CO2,2.0618579387664795,1.8229663372039795,-0.2388916015625,0.2388916015625
InceptionNestedNoAug,13:33:30/scan-003,13:33:30,12CO2,184.3548126220703,164.4262237548828,-19.9285888671875,19.9285888671875
InceptionNestedNoAug,13:33:30/scan-004,13:33:30,13CO2,2.0618579387664795,1.8759658336639404,-0.18589210510253906,0.18589210510253906
InceptionNestedNoAug,13:33:30/scan-004,13:33:30,12CO2,184.3548126220703,168.0690460205078,-16.2857666015625,16.2857666015625
InceptionNestedNoAug,13:33:30/scan-005,13:33:30,13CO2,2.0618579387664795,1.9291572570800781,-0.13270068168640137,0.13270068168640137
InceptionNestedNoAug,13:33:30/scan-005,13:33:30,12CO2,184.3548126220703,160.50442504882812,-23.850387573242188,23.850387573242188
InceptionNestedNoAug,13:33:30/scan-006,13:33:30,13CO2,2.0618579387664795,1.862635850906372,-0.19922208786010742,0.19922208786010742
InceptionNestedNoAug,13:33:30/scan-006,13:33:30,12CO2,184.3548126220703,167.0819854736328,-17.2728271484375,17.2728271484375
InceptionNestedNoAug,13:33:30/scan-007,13:33:30,13CO2,2.0618579387664795,1.8519331216812134,-0.2099248170852661,0.2099248170852661
InceptionNestedNoAug,13:33:30/scan-007,13:33:30,12CO2,184.3548126220703,167.02157592773438,-17.333236694335938,17.333236694335938
InceptionNestedNoAug,13:33:30/scan-008,13:33:30,13CO2,2.0618579387664795,1.6881933212280273,-0.37366461753845215,0.37366461753845215
InceptionNestedNoAug,13:33:30/scan-008,13:33:30,12CO2,184.3548126220703,156.51531982421875,-27.839492797851562,27.839492797851562
InceptionNestedNoAug,13:33:30/scan-009,13:33:30,13CO2,2.0618579387664795,1.9204431772232056,-0.14141476154327393,0.14141476154327393
InceptionNestedNoAug,13:33:30/scan-009,13:33:30,12CO2,184.3548126220703,160.03036499023438,-24.324447631835938,24.324447631835938
InceptionNestedNoAug,13:33:30/scan-010,13:33:30,13CO2,2.0618579387664795,1.958913803100586,-0.10294413566589355,0.10294413566589355
InceptionNestedNoAug,13:33:30/scan-010,13:33:30,12CO2,184.3548126220703,163.00851440429688,-21.346298217773438,21.346298217773438
InceptionNestedNoAug,13:33:30/scan-011,13:33:30,13CO2,2.0618579387664795,1.969026803970337,-0.09283113479614258,0.09283113479614258
InceptionNestedNoAug,13:33:30/scan-011,13:33:30,12CO2,184.3548126220703,163.63172912597656,-20.72308349609375,20.72308349609375
InceptionNestedNoAug,13:33:30/scan-012,13:33:30,13CO2,2.0618579387664795,1.9521887302398682,-0.10966920852661133,0.10966920852661133
InceptionNestedNoAug,13:33:30/scan-012,13:33:30,12CO2,184.3548126220703,162.5613555908203,-21.79345703125,21.79345703125
InceptionNestedNoAug,13:33:30/scan-013,13:33:30,13CO2,2.0618579387664795,1.9704710245132446,-0.09138691425323486,0.09138691425323486
InceptionNestedNoAug,13:33:30/scan-013,13:33:30,12CO2,184.3548126220703,163.60360717773438,-20.751205444335938,20.751205444335938
InceptionNestedNoAug,13:33:30/scan-014,13:33:30,13CO2,2.0618579387664795,1.9747905731201172,-0.0870673656463623,0.0870673656463623
InceptionNestedNoAug,13:33:30/scan-014,13:33:30,12CO2,184.3548126220703,164.50485229492188,-19.849960327148438,19.849960327148438
InceptionNestedNoAug,13:33:30/scan-015,13:33:30,13CO2,2.0618579387664795,1.8504072427749634,-0.2114506959915161,0.2114506959915161
InceptionNestedNoAug,13:33:30/scan-015,13:33:30,12CO2,184.3548126220703,166.23196411132812,-18.122848510742188,18.122848510742188
InceptionNestedNoAug,13:33:30/scan-016,13:33:30,13CO2,2.0618579387664795,1.958784818649292,-0.1030731201171875,0.1030731201171875
InceptionNestedNoAug,13:33:30/scan-016,13:33:30,12CO2,184.3548126220703,174.71951293945312,-9.635299682617188,9.635299682617188
InceptionNestedNoAug,13:33:30/scan-017,13:33:30,13CO2,2.0618579387664795,1.944397211074829,-0.11746072769165039,0.11746072769165039
InceptionNestedNoAug,13:33:30/scan-017,13:33:30,12CO2,184.3548126220703,161.64085388183594,-22.713958740234375,22.713958740234375
InceptionNestedNoAug,13:33:30/scan-018,13:33:30,13CO2,2.0618579387664795,1.9308502674102783,-0.13100767135620117,0.13100767135620117
InceptionNestedNoAug,13:33:30/scan-018,13:33:30,12CO2,184.3548126220703,172.4488525390625,-11.905960083007812,11.905960083007812
InceptionNestedNoAug,13:33:30/scan-019,13:33:30,13CO2,2.0618579387664795,1.9646425247192383,-0.09721541404724121,0.09721541404724121
InceptionNestedNoAug,13:33:30/scan-019,13:33:30,12CO2,184.3548126220703,174.8439483642578,-9.5108642578125,9.5108642578125
InceptionNestedNoAug,13:43:08/scan-000,13:43:08,13CO2,2.4742300510406494,1.8485889434814453,-0.6256411075592041,0.6256411075592041
InceptionNestedNoAug,13:43:08/scan-000,13:43:08,12CO2,221.22576904296875,165.13067626953125,-56.0950927734375,56.0950927734375
InceptionNestedNoAug,13:43:08/scan-001,13:43:08,13CO2,2.4742300510406494,1.8319971561431885,-0.6422328948974609,0.6422328948974609
InceptionNestedNoAug,13:43:08/scan-001,13:43:08,12CO2,221.22576904296875,163.39620971679688,-57.829559326171875,57.829559326171875
InceptionNestedNoAug,13:43:08/scan-002,13:43:08,13CO2,2.4742300510406494,2.113399028778076,-0.36083102226257324,0.36083102226257324
InceptionNestedNoAug,13:43:08/scan-002,13:43:08,12CO2,221.22576904296875,186.1016845703125,-35.12408447265625,35.12408447265625
InceptionNestedNoAug,13:43:08/scan-003,13:43:08,13CO2,2.4742300510406494,2.173677682876587,-0.3005523681640625,0.3005523681640625
InceptionNestedNoAug,13:43:08/scan-003,13:43:08,12CO2,221.22576904296875,190.81698608398438,-30.408782958984375,30.408782958984375
InceptionNestedNoAug,13:43:08/scan-004,13:43:08,13CO2,2.4742300510406494,2.2282729148864746,-0.2459571361541748,0.2459571361541748
InceptionNestedNoAug,13:43:08/scan-004,13:43:08,12CO2,221.22576904296875,195.047607421875,-26.17816162109375,26.17816162109375
InceptionNestedNoAug,13:43:08/scan-005,13:43:08,13CO2,2.4742300510406494,2.1295104026794434,-0.34471964836120605,0.34471964836120605
InceptionNestedNoAug,13:43:08/scan-005,13:43:08,12CO2,221.22576904296875,187.29434204101562,-33.931427001953125,33.931427001953125
InceptionNestedNoAug,13:43:08/scan-006,13:43:08,13CO2,2.4742300510406494,2.1243202686309814,-0.34990978240966797,0.34990978240966797
InceptionNestedNoAug,13:43:08/scan-006,13:43:08,12CO2,221.22576904296875,187.32696533203125,-33.8988037109375,33.8988037109375
InceptionNestedNoAug,13:43:08/scan-007,13:43:08,13CO2,2.4742300510406494,2.1551554203033447,-0.3190746307373047,0.3190746307373047
InceptionNestedNoAug,13:43:08/scan-007,13:43:08,12CO2,221.22576904296875,192.74301147460938,-28.482757568359375,28.482757568359375
InceptionNestedNoAug,13:43:08/scan-008,13:43:08,13CO2,2.4742300510406494,2.131406545639038,-0.34282350540161133,0.34282350540161133
InceptionNestedNoAug,13:43:08/scan-008,13:43:08,12CO2,221.22576904296875,187.5765380859375,-33.64923095703125,33.64923095703125
InceptionNestedNoAug,13:43:08/scan-009,13:43:08,13CO2,2.4742300510406494,2.1575145721435547,-0.3167154788970947,0.3167154788970947
InceptionNestedNoAug,13:43:08/scan-009,13:43:08,12CO2,221.22576904296875,189.86810302734375,-31.357666015625,31.357666015625
InceptionNestedNoAug,13:43:08/scan-010,13:43:08,13CO2,2.4742300510406494,2.2017579078674316,-0.2724721431732178,0.2724721431732178
InceptionNestedNoAug,13:43:08/scan-010,13:43:08,12CO2,221.22576904296875,193.18978881835938,-28.035980224609375,28.035980224609375
InceptionNestedNoAug,13:43:08/scan-011,13:43:08,13CO2,2.4742300510406494,2.051147222518921,-0.4230828285217285,0.4230828285217285
InceptionNestedNoAug,13:43:08/scan-011,13:43:08,12CO2,221.22576904296875,181.71646118164062,-39.509307861328125,39.509307861328125
InceptionNestedNoAug,13:43:08/scan-012,13:43:08,13CO2,2.4742300510406494,2.051724672317505,-0.42250537872314453,0.42250537872314453
InceptionNestedNoAug,13:43:08/scan-012,13:43:08,12CO2,221.22576904296875,181.74774169921875,-39.47802734375,39.47802734375
InceptionNestedNoAug,13:43:08/scan-013,13:43:08,13CO2,2.4742300510406494,2.169066905975342,-0.3051631450653076,0.3051631450653076
InceptionNestedNoAug,13:43:08/scan-013,13:43:08,12CO2,221.22576904296875,190.57943725585938,-30.646331787109375,30.646331787109375
InceptionNestedNoAug,13:43:08/scan-014,13:43:08,13CO2,2.4742300510406494,2.162062168121338,-0.3121678829193115,0.3121678829193115
InceptionNestedNoAug,13:43:08/scan-014,13:43:08,12CO2,221.22576904296875,190.03964233398438,-31.186126708984375,31.186126708984375
InceptionNestedNoAug,13:43:08/scan-015,13:43:08,13CO2,2.4742300510406494,1.9848911762237549,-0.48933887481689453,0.48933887481689453
InceptionNestedNoAug,13:43:08/scan-015,13:43:08,12CO2,221.22576904296875,177.96109008789062,-43.264678955078125,43.264678955078125
InceptionNestedNoAug,13:43:08/scan-016,13:43:08,13CO2,2.4742300510406494,2.0981109142303467,-0.37611913681030273,0.37611913681030273
InceptionNestedNoAug,13:43:08/scan-016,13:43:08,12CO2,221.22576904296875,183.1102294921875,-38.11553955078125,38.11553955078125
InceptionNestedNoAug,13:43:08/scan-017,13:43:08,13CO2,2.4742300510406494,2.109978199005127,-0.36425185203552246,0.36425185203552246
InceptionNestedNoAug,13:43:08/scan-017,13:43:08,12CO2,221.22576904296875,183.0209197998047,-38.20484924316406,38.20484924316406
InceptionNestedNoAug,13:43:08/scan-018,13:43:08,13CO2,2.4742300510406494,1.9894832372665405,-0.4847468137741089,0.4847468137741089
InceptionNestedNoAug,13:43:08/scan-018,13:43:08,12CO2,221.22576904296875,178.32650756835938,-42.899261474609375,42.899261474609375
InceptionNestedNoAug,13:43:08/scan-019,13:43:08,13CO2,2.4742300510406494,1.9560123682022095,-0.5182176828384399,0.5182176828384399
InceptionNestedNoAug,13:43:08/scan-019,13:43:08,12CO2,221.22576904296875,175.83273315429688,-45.393035888671875,45.393035888671875
InceptionNestedAug,12:46:00/scan-000,12:46:00,13CO2,0.0,0.5550671219825745,0.5550671219825745,0.5550671219825745
InceptionNestedAug,12:46:00/scan-000,12:46:00,12CO2,0.0,51.9114990234375,51.9114990234375,51.9114990234375
InceptionNestedAug,12:46:00/scan-001,12:46:00,13CO2,0.0,0.5398489832878113,0.5398489832878113,0.5398489832878113
InceptionNestedAug,12:46:00/scan-001,12:46:00,12CO2,0.0,49.264976501464844,49.264976501464844,49.264976501464844
InceptionNestedAug,12:46:00/scan-002,12:46:00,13CO2,0.0,0.5173324346542358,0.5173324346542358,0.5173324346542358
InceptionNestedAug,12:46:00/scan-002,12:46:00,12CO2,0.0,46.177879333496094,46.177879333496094,46.177879333496094
InceptionNestedAug,12:46:00/scan-003,12:46:00,13CO2,0.0,0.5444310307502747,0.5444310307502747,0.5444310307502747
InceptionNestedAug,12:46:00/scan-003,12:46:00,12CO2,0.0,48.90052032470703,48.90052032470703,48.90052032470703
InceptionNestedAug,12:46:00/scan-004,12:46:00,13CO2,0.0,0.5383023023605347,0.5383023023605347,0.5383023023605347
InceptionNestedAug,12:46:00/scan-004,12:46:00,12CO2,0.0,49.03942108154297,49.03942108154297,49.03942108154297
InceptionNestedAug,12:46:00/scan-005,12:46:00,13CO2,0.0,0.5243738889694214,0.5243738889694214,0.5243738889694214
InceptionNestedAug,12:46:00/scan-005,12:46:00,12CO2,0.0,46.76689910888672,46.76689910888672,46.76689910888672
InceptionNestedAug,12:46:00/scan-006,12:46:00,13CO2,0.0,0.532820999622345,0.532820999622345,0.532820999622345
InceptionNestedAug,12:46:00/scan-006,12:46:00,12CO2,0.0,48.47993850708008,48.47993850708008,48.47993850708008
InceptionNestedAug,12:46:00/scan-007,12:46:00,13CO2,0.0,0.5236251950263977,0.5236251950263977,0.5236251950263977
InceptionNestedAug,12:46:00/scan-007,12:46:00,12CO2,0.0,46.64482498168945,46.64482498168945,46.64482498168945
InceptionNestedAug,12:46:00/scan-008,12:46:00,13CO2,0.0,0.5277447700500488,0.5277447700500488,0.5277447700500488
InceptionNestedAug,12:46:00/scan-008,12:46:00,12CO2,0.0,46.99192428588867,46.99192428588867,46.99192428588867
InceptionNestedAug,12:46:00/scan-009,12:46:00,13CO2,0.0,0.4220530390739441,0.4220530390739441,0.4220530390739441
InceptionNestedAug,12:46:00/scan-009,12:46:00,12CO2,0.0,40.479103088378906,40.479103088378906,40.479103088378906
InceptionNestedAug,12:46:00/scan-010,12:46:00,13CO2,0.0,0.5363669395446777,0.5363669395446777,0.5363669395446777
InceptionNestedAug,12:46:00/scan-010,12:46:00,12CO2,0.0,48.828243255615234,48.828243255615234,48.828243255615234
InceptionNestedAug,12:46:00/scan-011,12:46:00,13CO2,0.0,0.43191415071487427,0.43191415071487427,0.43191415071487427
InceptionNestedAug,12:46:00/scan-011,12:46:00,12CO2,0.0,41.58684158325195,41.58684158325195,41.58684158325195
InceptionNestedAug,12:46:00/scan-012,12:46:00,13CO2,0.0,0.4574574828147888,0.4574574828147888,0.4574574828147888
InceptionNestedAug,12:46:00/scan-012,12:46:00,12CO2,0.0,41.72309112548828,41.72309112548828,41.72309112548828
InceptionNestedAug,12:46:00/scan-013,12:46:00,13CO2,0.0,0.46964818239212036,0.46964818239212036,0.46964818239212036
InceptionNestedAug,12:46:00/scan-013,12:46:00,12CO2,0.0,42.832679748535156,42.832679748535156,42.832679748535156
InceptionNestedAug,12:46:00/scan-014,12:46:00,13CO2,0.0,0.46024757623672485,0.46024757623672485,0.46024757623672485
InceptionNestedAug,12:46:00/scan-014,12:46:00,12CO2,0.0,42.13869094848633,42.13869094848633,42.13869094848633
InceptionNestedAug,12:46:00/scan-015,12:46:00,13CO2,0.0,0.474123477935791,0.474123477935791,0.474123477935791
InceptionNestedAug,12:46:00/scan-015,12:46:00,12CO2,0.0,37.03169250488281,37.03169250488281,37.03169250488281
InceptionNestedAug,12:46:00/scan-016,12:46:00,13CO2,0.0,0.45787912607192993,0.45787912607192993,0.45787912607192993
InceptionNestedAug,12:46:00/scan-016,12:46:00,12CO2,0.0,35.445858001708984,35.445858001708984,35.445858001708984
InceptionNestedAug,12:46:00/scan-017,12:46:00,13CO2,0.0,0.483227014541626,0.483227014541626,0.483227014541626
InceptionNestedAug,12:46:00/scan-017,12:46:00,12CO2,0.0,38.0438346862793,38.0438346862793,38.0438346862793
InceptionNestedAug,12:46:00/scan-018,12:46:00,13CO2,0.0,0.43619003891944885,0.43619003891944885,0.43619003891944885
InceptionNestedAug,12:46:00/scan-018,12:46:00,12CO2,0.0,36.17942810058594,36.17942810058594,36.17942810058594
InceptionNestedAug,12:46:00/scan-019,12:46:00,13CO2,0.0,0.4735514521598816,0.4735514521598816,0.4735514521598816
InceptionNestedAug,12:46:00/scan-019,12:46:00,12CO2,0.0,37.02739715576172,37.02739715576172,37.02739715576172
InceptionNestedAug,12:55:42/scan-000,12:55:42,13CO2,0.41237199306488037,0.7078922986984253,0.2955203056335449,0.2955203056335449
InceptionNestedAug,12:55:42/scan-000,12:55:42,12CO2,36.8709602355957,60.49889373779297,23.627933502197266,23.627933502197266
InceptionNestedAug,12:55:42/scan-001,12:55:42,13CO2,0.41237199306488037,0.6640412211418152,0.2516692280769348,0.2516692280769348
InceptionNestedAug,12:55:42/scan-001,12:55:42,12CO2,36.8709602355957,56.984771728515625,20.113811492919922,20.113811492919922
InceptionNestedAug,12:55:42/scan-002,12:55:42,13CO2,0.41237199306488037,0.7968775033950806,0.3845055103302002,0.3845055103302002
InceptionNestedAug,12:55:42/scan-002,12:55:42,12CO2,36.8709602355957,67.46089935302734,30.58993911743164,30.58993911743164
InceptionNestedAug,12:55:42/scan-003,12:55:42,13CO2,0.41237199306488037,0.7571163177490234,0.34474432468414307,0.34474432468414307
InceptionNestedAug,12:55:42/scan-003,12:55:42,12CO2,36.8709602355957,66.24388122558594,29.372920989990234,29.372920989990234
InceptionNestedAug,12:55:42/scan-004,12:55:42,13CO2,0.41237199306488037,0.7887250781059265,0.37635308504104614,0.37635308504104614
InceptionNestedAug,12:55:42/scan-004,12:55:42,12CO2,36.8709602355957,66.4103775024414,29.539417266845703,29.539417266845703
InceptionNestedAug,12:55:42/scan-005,12:55:42,13CO2,0.41237199306488037,0.7708781957626343,0.3585062026977539,0.3585062026977539
InceptionNestedAug,12:55:42/scan-005,12:55:42,12CO2,36.8709602355957,70.97119140625,34.1002311706543,34.1002311706543
InceptionNestedAug,12:55:42/scan-006,12:55:42,13CO2,0.41237199306488037,0.6972056031227112,0.2848336100578308,0.2848336100578308
InceptionNestedAug,12:55:42/scan-006,12:55:42,12CO2,36.8709602355957,67.32457733154297,30.453617095947266,30.453617095947266
InceptionNestedAug,12:55:42/scan-007,12:55:42,13CO2,0.41237199306488037,0.7964824438095093,0.3841104507446289,0.3841104507446289
InceptionNestedAug,12:55:42/scan-007,12:55:42,12CO2,36.8709602355957,67.10346984863281,30.23250961303711,30.23250961303711
InceptionNestedAug,12:55:42/scan-008,12:55:42,13CO2,0.41237199306488037,0.693687915802002,0.2813159227371216,0.2813159227371216
InceptionNestedAug,12:55:42/scan-008,12:55:42,12CO2,36.8709602355957,66.85311126708984,29.98215103149414,29.98215103149414
InceptionNestedAug,12:55:42/scan-009,12:55:42,13CO2,0.41237199306488037,0.6817310452461243,0.2693590521812439,0.2693590521812439
InceptionNestedAug,12:55:42/scan-009,12:55:42,12CO2,36.8709602355957,61.99531936645508,25.124359130859375,25.124359130859375
InceptionNestedAug,12:55:42/scan-010,12:55:42,13CO2,0.41237199306488037,0.6961976885795593,0.28382569551467896,0.28382569551467896
InceptionNestedAug,12:55:42/scan-010,12:55:42,12CO2,36.8709602355957,63.60161590576172,26.730655670166016,26.730655670166016
InceptionNestedAug,12:55:42/scan-011,12:55:42,13CO2,0.41237199306488037,0.6566120982170105,0.24424010515213013,0.24424010515213013
InceptionNestedAug,12:55:42/scan-011,12:55:42,12CO2,36.8709602355957,59.49717330932617,22.62621307373047,22.62621307373047
InceptionNestedAug,12:55:42/scan-012,12:55:42,13CO2,0.41237199306488037,0.7256938219070435,0.3133218288421631,0.3133218288421631
InceptionNestedAug,12:55:42/scan-012,12:55:42,12CO2,36.8709602355957,66.33531188964844,29.464351654052734,29.464351654052734
InceptionNestedAug,12:55:42/scan-013,12:55:42,13CO2,0.41237199306488037,0.6660652160644531,0.25369322299957275,0.25369322299957275
InceptionNestedAug,12:55:42/scan-013,12:55:42,12CO2,36.8709602355957,60.35466384887695,23.48370361328125,23.48370361328125
InceptionNestedAug,12:55:42/scan-014,12:55:42,13CO2,0.41237199306488037,0.7128955125808716,0.3005235195159912,0.3005235195159912
InceptionNestedAug,12:55:42/scan-014,12:55:42,12CO2,36.8709602355957,65.38038635253906,28.50942611694336,28.50942611694336
InceptionNestedAug,12:55:42/scan-015,12:55:42,13CO2,0.41237199306488037,0.7624791264533997,0.3501071333885193,0.3501071333885193
InceptionNestedAug,12:55:42/scan-015,12:55:42,12CO2,36.8709602355957,69.97099304199219,33.100032806396484,33.100032806396484
InceptionNestedAug,12:55:42/scan-016,12:55:42,13CO2,0.41237199306488037,0.7326745390892029,0.3203025460243225,0.3203025460243225
InceptionNestedAug,12:55:42/scan-016,12:55:42,12CO2,36.8709602355957,67.51808166503906,30.64712142944336,30.64712142944336
InceptionNestedAug,12:55:42/scan-017,12:55:42,13CO2,0.41237199306488037,0.7308080792427063,0.3184360861778259,0.3184360861778259
InceptionNestedAug,12:55:42/scan-017,12:55:42,12CO2,36.8709602355957,66.94925689697266,30.078296661376953,30.078296661376953
InceptionNestedAug,12:55:42/scan-018,12:55:42,13CO2,0.41237199306488037,0.692425012588501,0.2800530195236206,0.2800530195236206
InceptionNestedAug,12:55:42/scan-018,12:55:42,12CO2,36.8709602355957,63.35026168823242,26.47930145263672,26.47930145263672
InceptionNestedAug,12:55:42/scan-019,12:55:42,13CO2,0.41237199306488037,0.7361326217651367,0.32376062870025635,0.32376062870025635
InceptionNestedAug,12:55:42/scan-019,12:55:42,12CO2,36.8709602355957,67.7109603881836,30.84000015258789,30.84000015258789
InceptionNestedAug,13:05:15/scan-000,13:05:15,13CO2,0.8247429728507996,0.3975357115268707,-0.42720726132392883,0.42720726132392883
InceptionNestedAug,13:05:15/scan-000,13:05:15,12CO2,73.7419204711914,35.7134895324707,-38.0284309387207,38.0284309387207
InceptionNestedAug,13:05:15/scan-001,13:05:15,13CO2,0.8247429728507996,0.4631120264530182,-0.36163094639778137,0.36163094639778137
InceptionNestedAug,13:05:15/scan-001,13:05:15,12CO2,73.7419204711914,36.34474563598633,-37.39717483520508,37.39717483520508
InceptionNestedAug,13:05:15/scan-002,13:05:15,13CO2,0.8247429728507996,0.5913184285163879,-0.23342454433441162,0.23342454433441162
InceptionNestedAug,13:05:15/scan-002,13:05:15,12CO2,73.7419204711914,54.98213577270508,-18.759784698486328,18.759784698486328
InceptionNestedAug,13:05:15/scan-003,13:05:15,13CO2,0.8247429728507996,0.6616334319114685,-0.16310954093933105,0.16310954093933105
InceptionNestedAug,13:05:15/scan-003,13:05:15,12CO2,73.7419204711914,61.88480758666992,-11.857112884521484,11.857112884521484
InceptionNestedAug,13:05:15/scan-004,13:05:15,13CO2,0.8247429728507996,0.7149535417556763,-0.10978943109512329,0.10978943109512329
InceptionNestedAug,13:05:15/scan-004,13:05:15,12CO2,73.7419204711914,61.54644775390625,-12.195472717285156,12.195472717285156
InceptionNestedAug,13:05:15/scan-005,13:05:15,13CO2,0.8247429728507996,0.7538372278213501,-0.07090574502944946,0.07090574502944946
InceptionNestedAug,13:05:15/scan-005,13:05:15,12CO2,73.7419204711914,62.255401611328125,-11.486518859863281,11.486518859863281
InceptionNestedAug,13:05:15/scan-006,13:05:15,13CO2,0.8247429728507996,0.714325487613678,-0.11041748523712158,0.11041748523712158
InceptionNestedAug,13:05:15/scan-006,13:05:15,12CO2,73.7419204711914,61.9709587097168,-11.77096176147461,11.77096176147461
InceptionNestedAug,13:05:15/scan-007,13:05:15,13CO2,0.8247429728507996,0.7859035134315491,-0.03883945941925049,0.03883945941925049
InceptionNestedAug,13:05:15/scan-007,13:05:15,12CO2,73.7419204711914,65.08393859863281,-8.657981872558594,8.657981872558594
InceptionNestedAug,13:05:15/scan-008,13:05:15,13CO2,0.8247429728507996,0.6922706365585327,-0.13247233629226685,0.13247233629226685
InceptionNestedAug,13:05:15/scan-008,13:05:15,12CO2,73.7419204711914,62.591026306152344,-11.150894165039062,11.150894165039062
InceptionNestedAug,13:05:15/scan-009,13:05:15,13CO2,0.8247429728507996,0.7926402688026428,-0.03210270404815674,0.03210270404815674
InceptionNestedAug,13:05:15/scan-009,13:05:15,12CO2,73.7419204711914,66.21096801757812,-7.530952453613281,7.530952453613281
InceptionNestedAug,13:05:15/scan-010,13:05:15,13CO2,0.8247429728507996,0.7238982319831848,-0.10084474086761475,0.10084474086761475
InceptionNestedAug,13:05:15/scan-010,13:05:15,12CO2,73.7419204711914,66.5152359008789,-7.2266845703125,7.2266845703125
InceptionNestedAug,13:05:15/scan-011,13:05:15,13CO2,0.8247429728507996,0.8231006860733032,-0.0016422867774963379,0.0016422867774963379
InceptionNestedAug,13:05:15/scan-011,13:05:15,12CO2,73.7419204711914,76.03819274902344,2.2962722778320312,2.2962722778320312
InceptionNestedAug,13:05:15/scan-012,13:05:15,13CO2,0.8247429728507996,0.7320762872695923,-0.09266668558120728,0.09266668558120728
InceptionNestedAug,13:05:15/scan-012,13:05:15,12CO2,73.7419204711914,66.7955551147461,-6.9463653564453125,6.9463653564453125
InceptionNestedAug,13:05:15/scan-013,13:05:15,13CO2,0.8247429728507996,0.8372211456298828,0.012478172779083252,0.012478172779083252
InceptionNestedAug,13:05:15/scan-013,13:05:15,12CO2,73.7419204711914,71.04383850097656,-2.6980819702148438,2.6980819702148438
InceptionNestedAug,13:05:15/scan-014,13:05:15,13CO2,0.8247429728507996,0.8108345866203308,-0.01390838623046875,0.01390838623046875
InceptionNestedAug,13:05:15/scan-014,13:05:15,12CO2,73.7419204711914,67.80670928955078,-5.935211181640625,5.935211181640625
InceptionNestedAug,13:05:15/scan-015,13:05:15,13CO2,0.8247429728507996,0.7697898149490356,-0.054953157901763916,0.054953157901763916
InceptionNestedAug,13:05:15/scan-015,13:05:15,12CO2,73.7419204711914,70.60140228271484,-3.1405181884765625,3.1405181884765625
InceptionNestedAug,13:05:15/scan-016,13:05:15,13CO2,0.8247429728507996,0.8004827499389648,-0.024260222911834717,0.024260222911834717
InceptionNestedAug,13:05:15/scan-016,13:05:15,12CO2,73.7419204711914,66.78006744384766,-6.96185302734375,6.96185302734375
InceptionNestedAug,13:05:15/scan-017,13:05:15,13CO2,0.8247429728507996,0.7367053031921387,-0.08803766965866089,0.08803766965866089
InceptionNestedAug,13:05:15/scan-017,13:05:15,12CO2,73.7419204711914,67.30763244628906,-6.434288024902344,6.434288024902344
InceptionNestedAug,13:05:15/scan-018,13:05:15,13CO2,0.8247429728507996,0.812048077583313,-0.012694895267486572,0.012694895267486572
InceptionNestedAug,13:05:15/scan-018,13:05:15,12CO2,73.7419204711914,68.1196060180664,-5.622314453125,5.622314453125
InceptionNestedAug,13:05:15/scan-019,13:05:15,13CO2,0.8247429728507996,0.7524396181106567,-0.07230335474014282,0.07230335474014282
InceptionNestedAug,13:05:15/scan-019,13:05:15,12CO2,73.7419204711914,68.81551361083984,-4.9264068603515625,4.9264068603515625
InceptionNestedAug,13:14:37/scan-000,13:14:37,13CO2,1.2371150255203247,0.8410896062850952,-0.3960254192352295,0.3960254192352295
InceptionNestedAug,13:14:37/scan-000,13:14:37,12CO2,110.61288452148438,75.85350799560547,-34.759376525878906,34.759376525878906
InceptionNestedAug,13:14:37/scan-001,13:14:37,13CO2,1.2371150255203247,0.8252566456794739,-0.41185837984085083,0.41185837984085083
InceptionNestedAug,13:14:37/scan-001,13:14:37,12CO2,110.61288452148438,74.26570129394531,-36.34718322753906,36.34718322753906
InceptionNestedAug,13:14:37/scan-002,13:14:37,13CO2,1.2371150255203247,1.2253696918487549,-0.011745333671569824,0.011745333671569824
InceptionNestedAug,13:14:37/scan-002,13:14:37,12CO2,110.61288452148438,109.7926254272461,-0.8202590942382812,0.8202590942382812
InceptionNestedAug,13:14:37/scan-003,13:14:37,13CO2,1.2371150255203247,1.2654132843017578,0.028298258781433105,0.028298258781433105
InceptionNestedAug,13:14:37/scan-003,13:14:37,12CO2,110.61288452148438,113.00809478759766,2.3952102661132812,2.3952102661132812
InceptionNestedAug,13:14:37/scan-004,13:14:37,13CO2,1.2371150255203247,1.2632840871810913,0.0261690616607666,0.0261690616607666
InceptionNestedAug,13:14:37/scan-004,13:14:37,12CO2,110.61288452148438,110.93282318115234,0.31993865966796875,0.31993865966796875
InceptionNestedAug,13:14:37/scan-005,13:14:37,13CO2,1.2371150255203247,1.3324328660964966,0.09531784057617188,0.09531784057617188
InceptionNestedAug,13:14:37/scan-005,13:14:37,12CO2,110.61288452148438,119.18001556396484,8.567131042480469,8.567131042480469
InceptionNestedAug,13:14:37/scan-006,13:14:37,13CO2,1.2371150255203247,1.3427892923355103,0.10567426681518555,0.10567426681518555
InceptionNestedAug,13:14:37/scan-006,13:14:37,12CO2,110.61288452148438,119.9599380493164,9.347053527832031,9.347053527832031
InceptionNestedAug,13:14:37/scan-007,13:14:37,13CO2,1.2371150255203247,1.3630238771438599,0.12590885162353516,0.12590885162353516
InceptionNestedAug,13:14:37/scan-007,13:14:37,12CO2,110.61288452148438,119.78271484375,9.169830322265625,9.169830322265625
InceptionNestedAug,13:14:37/scan-008,13:14:37,13CO2,1.2371150255203247,1.3509070873260498,0.1137920618057251,0.1137920618057251
InceptionNestedAug,13:14:37/scan-008,13:14:37,12CO2,110.61288452148438,120.91206359863281,10.299179077148438,10.299179077148438
InceptionNestedAug,13:14:37/scan-009,13:14:37,13CO2,1.2371150255203247,1.3425706624984741,0.10545563697814941,0.10545563697814941
InceptionNestedAug,13:14:37/scan-009,13:14:37,12CO2,110.61288452148438,117.97627258300781,7.3633880615234375,7.3633880615234375
InceptionNestedAug,13:14:37/scan-010,13:14:37,13CO2,1.2371150255203247,1.3288390636444092,0.09172403812408447,0.09172403812408447
InceptionNestedAug,13:14:37/scan-010,13:14:37,12CO2,110.61288452148438,116.9142837524414,6.301399230957031,6.301399230957031
InceptionNestedAug,13:14:37/scan-011,13:14:37,13CO2,1.2371150255203247,1.3323938846588135,0.09527885913848877,0.09527885913848877
InceptionNestedAug,13:14:37/scan-011,13:14:37,12CO2,110.61288452148438,118.74654388427734,8.133659362792969,8.133659362792969
InceptionNestedAug,13:14:37/scan-012,13:14:37,13CO2,1.2371150255203247,1.250732660293579,0.013617634773254395,0.013617634773254395
InceptionNestedAug,13:14:37/scan-012,13:14:37,12CO2,110.61288452148438,109.8397216796875,-0.773162841796875,0.773162841796875
InceptionNestedAug,13:14:37/scan-013,13:14:37,13CO2,1.2371150255203247,1.2930116653442383,0.055896639823913574,0.055896639823913574
InceptionNestedAug,13:14:37/scan-013,13:14:37,12CO2,110.61288452148438,113.60311126708984,2.9902267456054688,2.9902267456054688
InceptionNestedAug,13:14:37/scan-014,13:14:37,13CO2,1.2371150255203247,1.4022592306137085,0.1651442050933838,0.1651442050933838
InceptionNestedAug,13:14:37/scan-014,13:14:37,12CO2,110.61288452148438,125.83879089355469,15.225906372070312,15.225906372070312
InceptionNestedAug,13:14:37/scan-015,13:14:37,13CO2,1.2371150255203247,1.4355895519256592,0.19847452640533447,0.19847452640533447
InceptionNestedAug,13:14:37/scan-015,13:14:37,12CO2,110.61288452148438,128.74073791503906,18.127853393554688,18.127853393554688
InceptionNestedAug,13:14:37/scan-016,13:14:37,13CO2,1.2371150255203247,1.4141738414764404,0.17705881595611572,0.17705881595611572
InceptionNestedAug,13:14:37/scan-016,13:14:37,12CO2,110.61288452148438,126.78971099853516,16.17682647705078,16.17682647705078
InceptionNestedAug,13:14:37/scan-017,13:14:37,13CO2,1.2371150255203247,1.3199729919433594,0.08285796642303467,0.08285796642303467
InceptionNestedAug,13:14:37/scan-017,13:14:37,12CO2,110.61288452148438,118.47408294677734,7.861198425292969,7.861198425292969
InceptionNestedAug,13:14:37/scan-018,13:14:37,13CO2,1.2371150255203247,1.3653357028961182,0.12822067737579346,0.12822067737579346
InceptionNestedAug,13:14:37/scan-018,13:14:37,12CO2,110.61288452148438,122.30281829833984,11.689933776855469,11.689933776855469
InceptionNestedAug,13:14:37/scan-019,13:14:37,13CO2,1.2371150255203247,1.3413221836090088,0.10420715808868408,0.10420715808868408
InceptionNestedAug,13:14:37/scan-019,13:14:37,12CO2,110.61288452148438,117.81219482421875,7.199310302734375,7.199310302734375
InceptionNestedAug,13:24:02/scan-000,13:24:02,13CO2,1.649487018585205,1.2436612844467163,-0.40582573413848877,0.40582573413848877
InceptionNestedAug,13:24:02/scan-000,13:24:02,12CO2,147.4838409423828,107.36833190917969,-40.115509033203125,40.115509033203125
InceptionNestedAug,13:24:02/scan-001,13:24:02,13CO2,1.649487018585205,1.277125597000122,-0.372361421585083,0.372361421585083
InceptionNestedAug,13:24:02/scan-001,13:24:02,12CO2,147.4838409423828,109.77352142333984,-37.71031951904297,37.71031951904297
InceptionNestedAug,13:24:02/scan-002,13:24:02,13CO2,1.649487018585205,1.4724633693695068,-0.17702364921569824,0.17702364921569824
InceptionNestedAug,13:24:02/scan-002,13:24:02,12CO2,147.4838409423828,130.96676635742188,-16.517074584960938,16.517074584960938
InceptionNestedAug,13:24:02/scan-003,13:24:02,13CO2,1.649487018585205,1.5474392175674438,-0.10204780101776123,0.10204780101776123
InceptionNestedAug,13:24:02/scan-003,13:24:02,12CO2,147.4838409423828,143.22195434570312,-4.2618865966796875,4.2618865966796875
InceptionNestedAug,13:24:02/scan-004,13:24:02,13CO2,1.649487018585205,1.5866365432739258,-0.0628504753112793,0.0628504753112793
InceptionNestedAug,13:24:02/scan-004,13:24:02,12CO2,147.4838409423828,147.11697387695312,-0.3668670654296875,0.3668670654296875
InceptionNestedAug,13:24:02/scan-005,13:24:02,13CO2,1.649487018585205,1.5884487628936768,-0.06103825569152832,0.06103825569152832
InceptionNestedAug,13:24:02/scan-005,13:24:02,12CO2,147.4838409423828,141.71408081054688,-5.7697601318359375,5.7697601318359375
InceptionNestedAug,13:24:02/scan-006,13:24:02,13CO2,1.649487018585205,1.4748414754867554,-0.1746455430984497,0.1746455430984497
InceptionNestedAug,13:24:02/scan-006,13:24:02,12CO2,147.4838409423828,127.14315032958984,-20.34069061279297,20.34069061279297
InceptionNestedAug,13:24:02/scan-007,13:24:02,13CO2,1.649487018585205,1.5379313230514526,-0.11155569553375244,0.11155569553375244
InceptionNestedAug,13:24:02/scan-007,13:24:02,12CO2,147.4838409423828,133.3458251953125,-14.138015747070312,14.138015747070312
InceptionNestedAug,13:24:02/scan-008,13:24:02,13CO2,1.649487018585205,1.615522027015686,-0.03396499156951904,0.03396499156951904
InceptionNestedAug,13:24:02/scan-008,13:24:02,12CO2,147.4838409423828,140.7482452392578,-6.735595703125,6.735595703125
InceptionNestedAug,13:24:02/scan-009,13:24:02,13CO2,1.649487018585205,1.5439391136169434,-0.10554790496826172,0.10554790496826172
InceptionNestedAug,13:24:02/scan-009,13:24:02,12CO2,147.4838409423828,142.996337890625,-4.4875030517578125,4.4875030517578125
InceptionNestedAug,13:24:02/scan-010,13:24:02,13CO2,1.649487018585205,1.6751121282577515,0.025625109672546387,0.025625109672546387
InceptionNestedAug,13:24:02/scan-010,13:24:02,12CO2,147.4838409423828,150.9931640625,3.5093231201171875,3.5093231201171875
InceptionNestedAug,13:24:02/scan-011,13:24:02,13CO2,1.649487018585205,1.4457781314849854,-0.20370888710021973,0.20370888710021973
InceptionNestedAug,13:24:02/scan-011,13:24:02,12CO2,147.4838409423828,124.8204116821289,-22.663429260253906,22.663429260253906
InceptionNestedAug,13:24:02/scan-012,13:24:02,13CO2,1.649487018585205,1.7470309734344482,0.09754395484924316,0.09754395484924316
InceptionNestedAug,13:24:02/scan-012,13:24:02,12CO2,147.4838409423828,157.72000122070312,10.236160278320312,10.236160278320312
InceptionNestedAug,13:24:02/scan-013,13:24:02,13CO2,1.649487018585205,1.5223820209503174,-0.1271049976348877,0.1271049976348877
InceptionNestedAug,13:24:02/scan-013,13:24:02,12CO2,147.4838409423828,131.91567993164062,-15.568161010742188,15.568161010742188
InceptionNestedAug,13:24:02/scan-014,13:24:02,13CO2,1.649487018585205,1.6061633825302124,-0.043323636054992676,0.043323636054992676
InceptionNestedAug,13:24:02/scan-014,13:24:02,12CO2,147.4838409423828,143.1185302734375,-4.3653106689453125,4.3653106689453125
InceptionNestedAug,13:24:02/scan-015,13:24:02,13CO2,1.649487018585205,1.5332802534103394,-0.11620676517486572,0.11620676517486572
InceptionNestedAug,13:24:02/scan-015,13:24:02,12CO2,147.4838409423828,133.3311309814453,-14.1527099609375,14.1527099609375
InceptionNestedAug,13:24:02/scan-016,13:24:02,13CO2,1.649487018585205,1.5748997926712036,-0.07458722591400146,0.07458722591400146
InceptionNestedAug,13:24:02/scan-016,13:24:02,12CO2,147.4838409423828,136.5054473876953,-10.9783935546875,10.9783935546875
InceptionNestedAug,13:24:02/scan-017,13:24:02,13CO2,1.649487018585205,1.651472806930542,0.001985788345336914,0.001985788345336914
InceptionNestedAug,13:24:02/scan-017,13:24:02,12CO2,147.4838409423828,144.4956512451172,-2.988189697265625,2.988189697265625
InceptionNestedAug,13:24:02/scan-018,13:24:02,13CO2,1.649487018585205,1.5600650310516357,-0.08942198753356934,0.08942198753356934
InceptionNestedAug,13:24:02/scan-018,13:24:02,12CO2,147.4838409423828,138.76123046875,-8.722610473632812,8.722610473632812
InceptionNestedAug,13:24:02/scan-019,13:24:02,13CO2,1.649487018585205,1.5240789651870728,-0.12540805339813232,0.12540805339813232
InceptionNestedAug,13:24:02/scan-019,13:24:02,12CO2,147.4838409423828,135.43954467773438,-12.044296264648438,12.044296264648438
InceptionNestedAug,13:33:30/scan-000,13:33:30,13CO2,2.0618579387664795,1.6826938390731812,-0.37916409969329834,0.37916409969329834
InceptionNestedAug,13:33:30/scan-000,13:33:30,12CO2,184.3548126220703,147.6594696044922,-36.695343017578125,36.695343017578125
InceptionNestedAug,13:33:30/scan-001,13:33:30,13CO2,2.0618579387664795,1.7019622325897217,-0.3598957061767578,0.3598957061767578
InceptionNestedAug,13:33:30/scan-001,13:33:30,12CO2,184.3548126220703,157.7486572265625,-26.606155395507812,26.606155395507812
InceptionNestedAug,13:33:30/scan-002,13:33:30,13CO2,2.0618579387664795,1.8180656433105469,-0.24379229545593262,0.24379229545593262
InceptionNestedAug,13:33:30/scan-002,13:33:30,12CO2,184.3548126220703,156.8115234375,-27.543289184570312,27.543289184570312
InceptionNestedAug,13:33:30/scan-003,13:33:30,13CO2,2.0618579387664795,1.8599694967269897,-0.20188844203948975,0.20188844203948975
InceptionNestedAug,13:33:30/scan-003,13:33:30,12CO2,184.3548126220703,170.4565887451172,-13.898223876953125,13.898223876953125
InceptionNestedAug,13:33:30/scan-004,13:33:30,13CO2,2.0618579387664795,1.9106547832489014,-0.15120315551757812,0.15120315551757812
InceptionNestedAug,13:33:30/scan-004,13:33:30,12CO2,184.3548126220703,174.61203002929688,-9.742782592773438,9.742782592773438
InceptionNestedAug,13:33:30/scan-005,13:33:30,13CO2,2.0618579387664795,1.932188630104065,-0.12966930866241455,0.12966930866241455
InceptionNestedAug,13:33:30/scan-005,13:33:30,12CO2,184.3548126220703,166.52145385742188,-17.833358764648438,17.833358764648438
InceptionNestedAug,13:33:30/scan-006,13:33:30,13CO2,2.0618579387664795,1.904198408126831,-0.15765953063964844,0.15765953063964844
InceptionNestedAug,13:33:30/scan-006,13:33:30,12CO2,184.3548126220703,174.0792694091797,-10.275543212890625,10.275543212890625
InceptionNestedAug,13:33:30/scan-007,13:33:30,13CO2,2.0618579387664795,1.8986295461654663,-0.16322839260101318,0.16322839260101318
InceptionNestedAug,13:33:30/scan-007,13:33:30,12CO2,184.3548126220703,173.4692840576172,-10.885528564453125,10.885528564453125
InceptionNestedAug,13:33:30/scan-008,13:33:30,13CO2,2.0618579387664795,1.7208220958709717,-0.3410358428955078,0.3410358428955078
InceptionNestedAug,13:33:30/scan-008,13:33:30,12CO2,184.3548126220703,160.37374877929688,-23.981063842773438,23.981063842773438
InceptionNestedAug,13:33:30/scan-009,13:33:30,13CO2,2.0618579387664795,1.9216266870498657,-0.14023125171661377,0.14023125171661377
InceptionNestedAug,13:33:30/scan-009,13:33:30,12CO2,184.3548126220703,165.2436065673828,-19.1112060546875,19.1112060546875
InceptionNestedAug,13:33:30/scan-010,13:33:30,13CO2,2.0618579387664795,1.9687551259994507,-0.09310281276702881,0.09310281276702881
InceptionNestedAug,13:33:30/scan-010,13:33:30,12CO2,184.3548126220703,169.12796020507812,-15.226852416992188,15.226852416992188
InceptionNestedAug,13:33:30/scan-011,13:33:30,13CO2,2.0618579387664795,1.9736435413360596,-0.08821439743041992,0.08821439743041992
InceptionNestedAug,13:33:30/scan-011,13:33:30,12CO2,184.3548126220703,169.4464111328125,-14.908401489257812,14.908401489257812
InceptionNestedAug,13:33:30/scan-012,13:33:30,13CO2,2.0618579387664795,1.9516475200653076,-0.11021041870117188,0.11021041870117188
InceptionNestedAug,13:33:30/scan-012,13:33:30,12CO2,184.3548126220703,168.07017517089844,-16.284637451171875,16.284637451171875
InceptionNestedAug,13:33:30/scan-013,13:33:30,13CO2,2.0618579387664795,1.97786545753479,-0.08399248123168945,0.08399248123168945
InceptionNestedAug,13:33:30/scan-013,13:33:30,12CO2,184.3548126220703,170.44387817382812,-13.910934448242188,13.910934448242188
InceptionNestedAug,13:33:30/scan-014,13:33:30,13CO2,2.0618579387664795,1.9861809015274048,-0.07567703723907471,0.07567703723907471
InceptionNestedAug,13:33:30/scan-014,13:33:30,12CO2,184.3548126220703,170.9302215576172,-13.424591064453125,13.424591064453125
InceptionNestedAug,13:33:30/scan-015,13:33:30,13CO2,2.0618579387664795,1.8932340145111084,-0.1686239242553711,0.1686239242553711
InceptionNestedAug,13:33:30/scan-015,13:33:30,12CO2,184.3548126220703,172.8826141357422,-11.472198486328125,11.472198486328125
InceptionNestedAug,13:33:30/scan-016,13:33:30,13CO2,2.0618579387664795,2.0137040615081787,-0.04815387725830078,0.04815387725830078
InceptionNestedAug,13:33:30/scan-016,13:33:30,12CO2,184.3548126220703,182.99423217773438,-1.3605804443359375,1.3605804443359375
InceptionNestedAug,13:33:30/scan-017,13:33:30,13CO2,2.0618579387664795,1.943703055381775,-0.11815488338470459,0.11815488338470459
InceptionNestedAug,13:33:30/scan-017,13:33:30,12CO2,184.3548126220703,167.08755493164062,-17.267257690429688,17.267257690429688
InceptionNestedAug,13:33:30/scan-018,13:33:30,13CO2,2.0618579387664795,1.978543996810913,-0.0833139419555664,0.0833139419555664
InceptionNestedAug,13:33:30/scan-018,13:33:30,12CO2,184.3548126220703,180.10751342773438,-4.2472991943359375,4.2472991943359375
InceptionNestedAug,13:33:30/scan-019,13:33:30,13CO2,2.0618579387664795,2.00610613822937,-0.055751800537109375,0.055751800537109375
InceptionNestedAug,13:33:30/scan-019,13:33:30,12CO2,184.3548126220703,182.33456420898438,-2.0202484130859375,2.0202484130859375
InceptionNestedAug,13:43:08/scan-000,13:43:08,13CO2,2.4742300510406494,2.069706678390503,-0.4045233726501465,0.4045233726501465
InceptionNestedAug,13:43:08/scan-000,13:43:08,12CO2,221.22576904296875,181.61044311523438,-39.615325927734375,39.615325927734375
InceptionNestedAug,13:43:08/scan-001,13:43:08,13CO2,2.4742300510406494,2.056262731552124,-0.4179673194885254,0.4179673194885254
InceptionNestedAug,13:43:08/scan-001,13:43:08,12CO2,221.22576904296875,180.2346649169922,-40.99110412597656,40.99110412597656
InceptionNestedAug,13:43:08/scan-002,13:43:08,13CO2,2.4742300510406494,2.381563186645508,-0.0926668643951416,0.0926668643951416
InceptionNestedAug,13:43:08/scan-002,13:43:08,12CO2,221.22576904296875,205.56369018554688,-15.662078857421875,15.662078857421875
InceptionNestedAug,13:43:08/scan-003,13:43:08,13CO2,2.4742300510406494,2.4743854999542236,0.00015544891357421875,0.00015544891357421875
InceptionNestedAug,13:43:08/scan-003,13:43:08,12CO2,221.22576904296875,213.1341552734375,-8.09161376953125,8.09161376953125
InceptionNestedAug,13:43:08/scan-004,13:43:08,13CO2,2.4742300510406494,2.5346648693084717,0.060434818267822266,0.060434818267822266
InceptionNestedAug,13:43:08/scan-004,13:43:08,12CO2,221.22576904296875,217.81723022460938,-3.408538818359375,3.408538818359375
InceptionNestedAug,13:43:08/scan-005,13:43:08,13CO2,2.4742300510406494,2.4067559242248535,-0.0674741268157959,0.0674741268157959
InceptionNestedAug,13:43:08/scan-005,13:43:08,12CO2,221.22576904296875,207.62075805664062,-13.605010986328125,13.605010986328125
InceptionNestedAug,13:43:08/scan-006,13:43:08,13CO2,2.4742300510406494,2.426523208618164,-0.04770684242248535,0.04770684242248535
InceptionNestedAug,13:43:08/scan-006,13:43:08,12CO2,221.22576904296875,210.02395629882812,-11.201812744140625,11.201812744140625
InceptionNestedAug,13:43:08/scan-007,13:43:08,13CO2,2.4742300510406494,2.4878525733947754,0.013622522354125977,0.013622522354125977
InceptionNestedAug,13:43:08/scan-007,13:43:08,12CO2,221.22576904296875,216.1800994873047,-5.0456695556640625,5.0456695556640625
InceptionNestedAug,13:43:08/scan-008,13:43:08,13CO2,2.4742300510406494,2.4263699054718018,-0.047860145568847656,0.047860145568847656
InceptionNestedAug,13:43:08/scan-008,13:43:08,12CO2,221.22576904296875,209.6296844482422,-11.596084594726562,11.596084594726562
InceptionNestedAug,13:43:08/scan-009,13:43:08,13CO2,2.4742300510406494,2.4534268379211426,-0.020803213119506836,0.020803213119506836
InceptionNestedAug,13:43:08/scan-009,13:43:08,12CO2,221.22576904296875,211.5640106201172,-9.661758422851562,9.661758422851562
InceptionNestedAug,13:43:08/scan-010,13:43:08,13CO2,2.4742300510406494,2.518514633178711,0.04428458213806152,0.04428458213806152
InceptionNestedAug,13:43:08/scan-010,13:43:08,12CO2,221.22576904296875,216.5955352783203,-4.6302337646484375,4.6302337646484375
InceptionNestedAug,13:43:08/scan-011,13:43:08,13CO2,2.4742300510406494,2.3297131061553955,-0.1445169448852539,0.1445169448852539
InceptionNestedAug,13:43:08/scan-011,13:43:08,12CO2,221.22576904296875,199.47511291503906,-21.750656127929688,21.750656127929688
InceptionNestedAug,13:43:08/scan-012,13:43:08,13CO2,2.4742300510406494,2.3312859535217285,-0.1429440975189209,0.1429440975189209
InceptionNestedAug,13:43:08/scan-012,13:43:08,12CO2,221.22576904296875,199.3579864501953,-21.867782592773438,21.867782592773438
InceptionNestedAug,13:43:08/scan-013,13:43:08,13CO2,2.4742300510406494,2.4648489952087402,-0.00938105583190918,0.00938105583190918
InceptionNestedAug,13:43:08/scan-013,13:43:08,12CO2,221.22576904296875,212.2434539794922,-8.982315063476562,8.982315063476562
InceptionNestedAug,13:43:08/scan-014,13:43:08,13CO2,2.4742300510406494,2.4643826484680176,-0.009847402572631836,0.009847402572631836
InceptionNestedAug,13:43:08/scan-014,13:43:08,12CO2,221.22576904296875,212.44705200195312,-8.778717041015625,8.778717041015625
InceptionNestedAug,13:43:08/scan-015,13:43:08,13CO2,2.4742300510406494,2.2215335369110107,-0.25269651412963867,0.25269651412963867
InceptionNestedAug,13:43:08/scan-015,13:43:08,12CO2,221.22576904296875,192.65321350097656,-28.572555541992188,28.572555541992188
InceptionNestedAug,13:43:08/scan-016,13:43:08,13CO2,2.4742300510406494,2.3460869789123535,-0.1281430721282959,0.1281430721282959
InceptionNestedAug,13:43:08/scan-016,13:43:08,12CO2,221.22576904296875,203.9202117919922,-17.305557250976562,17.305557250976562
InceptionNestedAug,13:43:08/scan-017,13:43:08,13CO2,2.4742300510406494,2.33424711227417,-0.1399829387664795,0.1399829387664795
InceptionNestedAug,13:43:08/scan-017,13:43:08,12CO2,221.22576904296875,203.4490203857422,-17.776748657226562,17.776748657226562
InceptionNestedAug,13:43:08/scan-018,13:43:08,13CO2,2.4742300510406494,2.2075366973876953,-0.2666933536529541,0.2666933536529541
InceptionNestedAug,13:43:08/scan-018,13:43:08,12CO2,221.22576904296875,191.13238525390625,-30.0933837890625,30.0933837890625
InceptionNestedAug,13:43:08/scan-019,13:43:08,13CO2,2.4742300510406494,2.1744675636291504,-0.299762487411499,0.299762487411499
InceptionNestedAug,13:43:08/scan-019,13:43:08,12CO2,221.22576904296875,188.90591430664062,-32.319854736328125,32.319854736328125
