target,feature,mean_coefficient,mean_abs_coefficient,coefficient_std,sign_consistency
12CO2,mod_median,8.712863537183717,8.712863537183717,2.36620016885272,1.0
12CO2,phase_median,7.350111279077197,7.350111279077197,2.337966819605276,1.0
12CO2,phase_bin_05_mean,5.278042756818239,5.48873800498844,3.115749029683597,0.7142857142857143
12CO2,phase_sin_mean,-5.481613795947505,5.481613795947505,1.9276323674467408,1.0
12CO2,phase_bin_23_mean,-5.4460998725638845,5.4460998725638845,1.5501889322649505,1.0
12CO2,mod_p10,4.339036307782661,4.423272271984511,2.636223362976788,0.7142857142857143
12CO2,X_std,4.399677748496463,4.399677748496463,0.8768610829407901,1.0
12CO2,mod_mean,4.376625994767545,4.376625994767545,1.122012560324738,1.0
12CO2,mod_p90,4.351284546020748,4.351284546020748,2.0685557747582597,1.0
12CO2,mod_kurt,4.341669054321281,4.341669054321281,0.9405759367326944,1.0
12CO2,Y_mean,-4.2753633616411095,4.2753633616411095,1.3324052523961756,1.0
12CO2,mod_std,4.2572829323897565,4.2572829323897565,1.4339341727500396,1.0
12CO2,Y_min,3.9212335833054692,4.005721929871544,1.9133436087604536,0.7142857142857143
12CO2,phase_std,-3.947305976023084,3.947305976023084,1.3018337193736522,1.0
12CO2,phase_kurt,-3.8886953183455737,3.8886953183455737,1.035307724500113,1.0
12CO2,X_skew,3.45747308881647,3.6245608505561475,2.7017420050219183,0.7142857142857143
12CO2,mod_peak0_pow,3.566421243735276,3.566421243735276,1.4664140509584105,1.0
12CO2,mod_psd_max,3.566421243734717,3.566421243734717,1.4664140509582975,1.0
12CO2,phase_bin_26_mean,-3.472982856799444,3.4793281116962254,2.069160960392414,0.7142857142857143
12CO2,mod_max,-3.4524113762056166,3.4524113762056166,1.987285351632209,1.0
12CO2,phase_bin_03_mean,2.833055355451799,3.260258338567843,2.7562905092182697,0.42857142857142855
12CO2,F_med,3.2593432322240985,3.2593432322240985,1.1213311198432772,1.0
12CO2,Y_skew,-2.625935563181091,3.15288800117293,2.683694717442401,0.7142857142857143
12CO2,phase_p10,-1.8878101719331892,3.1215593464314564,3.071588750720536,0.14285714285714285
12CO2,Y_median,3.028937532253754,3.0877568135935003,1.5237646574277413,0.7142857142857143
12CO2,X_p10,-2.885050013764176,2.885050013764176,1.701591695101763,1.0
12CO2,mod_skew,2.8461844090987976,2.8461844090987976,1.0175711176058448,1.0
12CO2,X_p90,2.7525478410684543,2.7525478410684543,1.0264822873450532,1.0
12CO2,phase_bin_01_mean,-2.666637113296762,2.666637113296762,0.732865259958013,1.0
12CO2,phase_bin_06_mean,2.447078901367718,2.59159654717403,1.6184250181493391,0.7142857142857143
12CO2,phase_resultant_length,-2.579952615727352,2.579952615727352,0.9629444172734155,1.0
12CO2,phase_bin_12_mean,-2.5633776352326785,2.5633776352326785,0.8672384538270177,1.0
12CO2,phase_bin_07_mean,1.5289515266992646,2.5427543959085823,2.4450152292902243,0.7142857142857143
12CO2,Y_std,-0.20004851788493797,2.5355111689073504,2.7724074585763425,0.14285714285714285
12CO2,phase_p90,-2.5145306222373796,2.5145306222373796,0.9867853122980255,1.0
12CO2,phase_bin_24_mean,1.0634634717722005,2.379014648151434,2.6639718868408484,0.14285714285714285
12CO2,phase_circular_mean,2.3042597652318855,2.3042597652318855,0.8209263432178416,1.0
12CO2,phase_cos_mean,2.187009163546551,2.187009163546551,0.9502774495975334,1.0
12CO2,phase_bin_04_mean,-0.9606909807254357,2.1643163890214434,2.6558006787071435,0.14285714285714285
12CO2,phase_bin_30_mean,-2.0748546387169333,2.0748546387169333,1.1538383733601554,1.0
12CO2,mod_peak2_pow,2.0091746840047486,2.0091746840047486,1.2641763476229393,1.0
12CO2,X_min,0.6335199053852197,1.9593341577518015,2.0850365139656795,0.14285714285714285
12CO2,phase_bin_25_mean,-1.3159810146912183,1.8848760223511896,2.1893646316004185,0.42857142857142855
12CO2,phase_bin_13_mean,1.8827735595943071,1.8827735595943071,0.804140778736323,1.0
12CO2,mod_min,1.7975635190516335,1.8676629687727107,1.2698177129937505,0.7142857142857143
12CO2,phase_bin_00_mean,1.8620242631502808,1.8620242631502808,1.3317936152749104,1.0
12CO2,X_median,0.1917038331413859,1.8507251361085875,2.079924489538812,0.14285714285714285
12CO2,phase_bin_02_mean,-0.8870670081578892,1.8205905612764546,1.7589765070393968,0.42857142857142855
12CO2,phase_bin_22_mean,-1.8142758862029724,1.8142758862029724,1.3682140814482986,1.0
12CO2,phase_bin_19_mean,-1.7582802777111228,1.7582802777111228,0.7042289502840299,1.0
12CO2,Y_p10,0.9885485748083612,1.658413722746181,1.7265370119333372,0.42857142857142855
12CO2,X_max,0.6728572057078743,1.5326928779785765,1.8263532931241069,0.14285714285714285
12CO2,mod_peak4_pow,-1.3181075314269834,1.3181075314269834,0.6159440276206826,1.0
12CO2,phase_max,0.819363093768798,1.2642536162763778,1.010163437880683,0.7142857142857143
12CO2,phase_mean,0.8336082954002426,1.256488471571935,1.2243371896335689,0.7142857142857143
12CO2,phase_bin_10_mean,-1.2205857771184685,1.2205857771184685,0.9519669960783713,1.0
12CO2,Y_p90,0.7571630169878224,1.219761137170266,1.651621075808082,0.14285714285714285
12CO2,phase_bin_29_mean,1.2112641462239329,1.2112641462239329,0.8461757005615055,1.0
12CO2,phase_bin_20_mean,1.2016032914366437,1.2016032914366437,0.6789020042965568,1.0
12CO2,X_kurt,-0.11504725792523296,1.1848243148441326,1.244941549504827,0.14285714285714285
12CO2,phase_bin_21_mean,1.0285982323044096,1.1715919454932597,0.8626484558585611,0.7142857142857143
12CO2,Temp,-1.1553134046911242,1.1553134046911242,0.7731308859919463,1.0
12CO2,mod_peak3_pow,0.0965423570521519,1.1531030609104334,1.374322797625216,0.14285714285714285
12CO2,phase_bin_08_mean,0.2270335464851463,1.125615478960466,1.2680454687931726,0.42857142857142855
12CO2,phase_bin_09_mean,-1.120569371591649,1.120569371591649,0.7318342967503699,1.0
12CO2,phase_bin_11_mean,1.0779340913567224,1.0779340913567224,0.48418470965735466,1.0
12CO2,phase_bin_27_mean,-0.8064872108769504,1.0638096781091717,0.8024831916410339,0.7142857142857143
12CO2,phase_bin_17_mean,1.0404842196869732,1.0404842196869732,0.7564485777655587,1.0
12CO2,X_mean,0.3819113976363647,1.0401455516610871,1.3675867749233015,0.42857142857142855
12CO2,phase_bin_16_mean,1.029932075853361,1.029932075853361,0.43230313787213204,1.0
12CO2,mod_peak1_pow,0.4538497977286576,1.0125156430634068,0.9745630580982753,0.42857142857142855
12CO2,phase_bin_28_mean,-0.6624009622767504,0.9875999789170312,0.858245666755176,0.42857142857142855
12CO2,phase_bin_15_mean,-0.6397934241039138,0.9589504754747222,0.9539237881699939,0.7142857142857143
12CO2,mod_peak1_freq,-0.9076669093474663,0.9076669093474663,0.35036347127367057,1.0
12CO2,Y_kurt,0.5985453910742375,0.7980607930737026,0.7127487325431204,0.42857142857142855
12CO2,mod_peak3_freq,-0.6964494544064086,0.771538398770609,0.5737570652510342,0.7142857142857143
12CO2,mod_peak2_freq,0.38506016138080995,0.7558090187764345,0.7845539700945776,0.7142857142857143
12CO2,phase_skew,0.4399699467177509,0.6888409812502418,0.7035684443107609,0.42857142857142855
12CO2,P_med,-0.047394747973166236,0.6422987806226136,0.6532351512346655,0.14285714285714285
12CO2,phase_bin_18_mean,0.6410970997077398,0.6410970997077398,0.28399562638328285,1.0
12CO2,phase_min,0.34127957642331314,0.6257053799710831,0.6874665422159262,0.14285714285714285
12CO2,phase_bin_14_mean,-0.17476272772815798,0.6114001810942271,0.7027871192199066,0.42857142857142855
12CO2,mod_psd_mean,0.14975790943900033,0.5700215141676971,0.6317557153937812,0.14285714285714285
12CO2,mod_psd_total,0.14975790940095873,0.5700215141603665,0.6317557154000594,0.14285714285714285
12CO2,phase_bin_31_mean,0.1210585994998965,0.4945703584613395,0.5701535958217475,0.14285714285714285
12CO2,Y_max,-0.28877930665593865,0.3726993333916351,0.47207047002458213,0.42857142857142855
12CO2,mod_peak4_freq,0.07374410415919293,0.2639164438450731,0.28111985558637487,0.42857142857142855
12CO2,mod_psd_freq_max,0.0,0.0,0.0,0.0
12CO2,mod_peak0_freq,0.0,0.0,0.0,0.0
12CO2,P_cons,0.0,0.0,0.0,0.0
12CO2,F_cons,0.0,0.0,0.0,0.0
13CO2,mod_median,0.09744630119915855,0.09744630119915855,0.02646404538137073,1.0
13CO2,phase_median,0.082205039555688,0.082205039555688,0.026148269389787576,1.0
13CO2,phase_bin_05_mean,0.059030638922591805,0.061387090561613566,0.034847129186848784,0.7142857142857143
13CO2,phase_sin_mean,-0.061307359156392585,0.061307359156392585,0.021558988688106965,1.0
13CO2,phase_bin_23_mean,-0.06091020829781362,0.06091020829781362,0.017337620469221195,1.0
13CO2,mod_p10,0.04852859119743408,0.04947070017687176,0.029484010677695304,0.7142857142857143
13CO2,X_std,0.04920681745293861,0.04920681745293861,0.009806972624949038,1.0
13CO2,mod_mean,0.04894900443487003,0.04894900443487003,0.012548788520942069,1.0
13CO2,mod_p90,0.04866556961653922,0.04866556961653922,0.023135135144694275,1.0
13CO2,mod_kurt,0.04855806806539546,0.04855806806539546,0.010519591031257618,1.0
13CO2,Y_mean,-0.0478163989894127,0.0478163989894127,0.014901864296334862,1.0
13CO2,mod_std,0.047614250696910033,0.047614250696910033,0.016037385798035833,1.0
13CO2,Y_min,0.04385576915787854,0.044800714902832973,0.021399190476881276,0.7142857142857143
13CO2,phase_std,-0.04414739912804617,0.04414739912804617,0.014559972288247623,1.0
13CO2,phase_kurt,-0.04349187511641029,0.04349187511641029,0.011579056246145232,1.0
13CO2,X_skew,0.0386690163855675,0.04053778688881633,0.03021685454040499,0.7142857142857143
13CO2,mod_peak0_pow,0.039887521122848615,0.039887521122848615,0.01640069042816817,1.0
13CO2,mod_psd_max,0.03988752112284828,0.03988752112284828,0.016400690428171702,1.0
13CO2,phase_bin_26_mean,-0.03884254513145299,0.03891350863275232,0.023141897463942282,0.7142857142857143
13CO2,mod_max,-0.03861235235905869,0.03861235235905869,0.022226176938739114,1.0
13CO2,phase_bin_03_mean,0.03168534618169601,0.0364633077496297,0.030826874375000965,0.42857142857142855
13CO2,F_med,0.03645307115502762,0.03645307115502762,0.012541172900101288,1.0
13CO2,Y_skew,-0.029368917924283026,0.03526248463250788,0.03001497883400776,0.7142857142857143
13CO2,phase_p10,-0.021113538300999234,0.0349121272157327,0.034353264540747074,0.14285714285714285
13CO2,Y_median,0.03387618142340332,0.03453404581869631,0.017042088413588674,0.7142857142857143
13CO2,X_p10,-0.03226695466889052,0.03226695466889052,0.01903091213723665,1.0
13CO2,mod_skew,0.03183214798967711,0.03183214798967711,0.011380739004157396,1.0
13CO2,X_p90,0.030784964844430825,0.030784964844430825,0.011480376939680485,1.0
13CO2,phase_bin_01_mean,-0.029824203580764996,0.029824203580764996,0.008196496979343907,1.0
13CO2,phase_bin_06_mean,0.027368604613035637,0.028984909754179757,0.018100763025251255,0.7142857142857143
13CO2,phase_resultant_length,-0.0288546738536238,0.0288546738536238,0.010769772565382923,1.0
13CO2,phase_bin_12_mean,-0.028669307179300045,0.028669307179300045,0.009699364278039954,1.0
13CO2,phase_bin_07_mean,0.017100107556483567,0.028438663146590524,0.027345502291890568,0.7142857142857143
13CO2,Y_std,-0.0022374329087718635,0.028357633948653104,0.03100713295888546,0.14285714285714285
13CO2,phase_p90,-0.028122969120383087,0.028122969120383087,0.011036386796008768,1.0
13CO2,phase_bin_24_mean,0.011893894736474687,0.026607348453229727,0.02979436641584695,0.14285714285714285
13CO2,phase_circular_mean,0.025771256511214695,0.025771256511214695,0.009181387789246934,1.0
13CO2,phase_cos_mean,0.024459915973645156,0.024459915973645156,0.010628101523984341,1.0
13CO2,phase_bin_04_mean,-0.01074437238106161,0.024206151773787467,0.029703028284341453,0.14285714285714285
13CO2,phase_bin_30_mean,-0.023205594394423427,0.023205594394423427,0.012904758453147825,1.0
13CO2,mod_peak2_pow,0.022470950274535818,0.022470950274535818,0.014138777065305502,1.0
13CO2,X_min,0.007085395228347736,0.021913574207173186,0.023319451581271022,0.14285714285714285
13CO2,phase_bin_25_mean,-0.014718259812701575,0.021080811852692734,0.024486240868873334,0.42857142857142855
13CO2,phase_bin_13_mean,0.02105723459729072,0.02105723459729072,0.008993664156350493,1.0
13CO2,mod_min,0.020104272344518673,0.020888291441903933,0.014201895788278955,0.7142857142857143
13CO2,phase_bin_00_mean,0.02082517104347948,0.02082517104347948,0.014895039279263925,1.0
13CO2,X_median,0.002144169754890737,0.020698859664833185,0.02326223886078614,0.14285714285714285
13CO2,phase_bin_02_mean,-0.009921177869034428,0.020361862069315676,0.01967273868170731,0.42857142857142855
13CO2,phase_bin_22_mean,-0.02029118288186645,0.02029118288186645,0.015302361197652372,1.0
13CO2,phase_bin_19_mean,-0.019664913698556018,0.019664913698556018,0.007876224579679845,1.0
13CO2,Y_p10,0.011056058648932903,0.018547986316724382,0.01930990847131899,0.42857142857142855
13CO2,X_max,0.007525404224652195,0.01714192854166393,0.02042628053735776,0.14285714285714285
13CO2,mod_peak4_pow,-0.014741947452837148,0.014741947452837148,0.006888834749199204,1.0
13CO2,phase_max,0.009163906509569627,0.01413964563549919,0.011297855501087934,0.7142857142857143
13CO2,phase_mean,0.009323218782894901,0.014052787347977982,0.013693219663039168,0.7142857142857143
13CO2,phase_bin_10_mean,-0.01365122820039255,0.01365122820039255,0.0106469705617567,1.0
13CO2,Y_p90,0.008468124841507689,0.013642028880040563,0.018472030583023026,0.14285714285714285
13CO2,phase_bin_29_mean,0.013546988699323026,0.013546988699323026,0.009463784116675892,1.0
13CO2,phase_bin_20_mean,0.013438948486554376,0.013438948486554376,0.007592970602923443,1.0
13CO2,X_kurt,-0.0012866660907299293,0.013251299827013901,0.013923664896686401,0.14285714285714285
13CO2,phase_bin_21_mean,0.011504057553874177,0.01310331703883901,0.009648020949556508,0.7142857142857143
13CO2,Temp,-0.012921213444803072,0.012921213444803072,0.008646840800769409,1.0
13CO2,mod_peak3_pow,0.001079729056683734,0.012896517816425269,0.015370684909552722,0.14285714285714285
13CO2,phase_bin_08_mean,0.0025391927012006986,0.012589097548230671,0.014182062044318938,0.42857142857142855
13CO2,phase_bin_09_mean,-0.012532647844025887,0.012532647844025887,0.008184967028383838,1.0
13CO2,phase_bin_11_mean,0.012055796027281808,0.012055796027281808,0.0054152078069150756,1.0
13CO2,phase_bin_27_mean,-0.00901990853365914,0.011897837831174962,0.00897511374164108,0.7142857142857143
13CO2,phase_bin_17_mean,0.011636984206463185,0.011636984206463185,0.008460260255908764,1.0
13CO2,X_mean,0.004271386385765964,0.011633190795360437,0.015295343273874124,0.42857142857142855
13CO2,phase_bin_16_mean,0.011518912623229698,0.011518912623229698,0.004834960161872418,1.0
13CO2,mod_peak1_pow,0.005075881661720323,0.011324147801928284,0.010899711170811708,0.42857142857142855
13CO2,phase_bin_28_mean,-0.007408411822903514,0.011045501721522185,0.009598782715618794,0.42857142857142855
13CO2,phase_bin_15_mean,-0.007155552990239818,0.010725073395096105,0.010668872651052251,0.7142857142857143
13CO2,mod_peak1_freq,-0.010151524141060441,0.010151524141060441,0.00391853983044507,1.0
13CO2,Y_kurt,0.006694161467487625,0.008925641793692434,0.007971526866012263,0.42857142857142855
13CO2,mod_peak3_freq,-0.007789186101537278,0.008629009111785208,0.006417021860466008,0.7142857142857143
13CO2,mod_peak2_freq,0.0043065650221501,0.008453093405200559,0.008774594870162503,0.7142857142857143
13CO2,phase_skew,0.004920694009674507,0.007704124056808747,0.00786884360305154,0.42857142857142855
13CO2,P_med,-0.0005300779727808682,0.007183589482763553,0.007305902418842067,0.14285714285714285
13CO2,phase_bin_18_mean,0.007170117186347677,0.007170117186347677,0.0031762631581770174,1.0
13CO2,phase_min,0.0038169182366647953,0.006998006617131965,0.007688754575033961,0.14285714285714285
13CO2,phase_bin_14_mean,-0.001954565274888561,0.006837999412960384,0.007860095093127314,0.42857142857142855
13CO2,mod_psd_mean,0.0016749903094407188,0.006375225606587667,0.0070656674264914085,0.14285714285714285
13CO2,mod_psd_total,0.0016749903090214624,0.006375225606507391,0.007065667426553334,0.14285714285714285
13CO2,phase_bin_31_mean,0.0013540147293785167,0.0055313607214486065,0.006376710307411055,0.14285714285714285
13CO2,Y_max,-0.003229722079761914,0.004168327348936852,0.005279726900950532,0.42857142857142855
13CO2,mod_peak4_freq,0.0008247457127059473,0.0029516830882127553,0.0031440992631526637,0.42857142857142855
13CO2,mod_psd_freq_max,0.0,0.0,0.0,0.0
13CO2,mod_peak0_freq,0.0,0.0,0.0,0.0
13CO2,P_cons,0.0,0.0,0.0,0.0
13CO2,F_cons,0.0,0.0,0.0,0.0
